,res_id,mid_x,mid_y,mid_z
0,1,1.5585,0.40900000000000003,11.16949
1,2,0.4415,0.657,10.787500000000001
2,3,0.7645,10.719999999999999,0.898
3,4,0.15751000000000037,0.9774999999999999,0.135
4,5,5.5440000000000005,0.11050999999999966,5.776
5,6,9.275500000000001,6.665,0.7635
6,7,6.802,10.0235,7.0665
7,8,2.5655,6.912,6.9475
8,9,7.9045000000000005,9.267499999999998,8.4795
9,10,1.73,8.8415,2.4305
10,11,7.8469999999999995,9.748999999999999,2.1515
11,12,7.332,6.227,2.6805000000000003
12,13,8.57,6.521000000000001,6.9864999999999995
13,14,11.1095,0.10951000000000022,4.833
14,15,10.5685,3.8289999999999997,0.767
15,16,9.605,2.324,8.552
16,17,0.497,4.551,8.711500000000001
17,18,0.9795,11.11899,10.757
18,19,10.861,8.382,0.2025
19,20,7.5794999999999995,2.451,5.922000000000001
20,21,0.546,5.49,6.932
21,22,9.305499999999999,0.17901,7.5105
22,23,7.8795,6.239,10.059999999999999
23,24,1.271,9.0835,0.5269999999999999
24,25,0.4785,9.933,5.9045000000000005
25,26,6.939500000000001,1.5710000000000002,3.7235
26,27,0.627,2.51,6.5065
27,28,11.229989999999999,5.865,5.193
28,29,9.2485,5.1395,5.855499999999999
29,30,7.072,1.6829999999999998,0.2295
30,31,8.414000000000001,3.652,6.047499999999999
31,32,3.944,11.22549,2.2359999999999998
32,33,11.068999999999999,2.4265,6.146
33,34,5.839,0.252,9.828
34,35,8.936,7.9115,10.3015
35,36,5.1875,5.258,5.8455
36,37,4.974,10.4195,2.6254999999999997
37,38,6.744999999999999,10.602,7.929499999999999
38,39,6.41,7.5615,1.082
39,40,1.6869999999999998,3.5170000000000003,9.974
40,41,10.441500000000001,6.016,4.3975
41,42,3.2695,2.4515000000000002,10.685500000000001
42,43,4.1255,8.0195,1.4635
43,44,5.9345,6.177,10.785499999999999
44,45,0.7709999999999999,6.0855,4.542999999999999
45,46,10.264,9.1085,10.7135
46,47,5.5344999999999995,9.5985,8.389
47,48,8.378,0.827,1.0695
48,49,10.654,4.1135,7.9585
49,50,7.986,0.26,0.3185
50,51,6.240500000000001,4.925,11.0175
51,52,4.569,9.467,4.7805
52,53,8.153500000000001,0.3,7.0995
53,54,6.2725,8.7675,6.571
54,55,0.8069999999999999,1.2905,2.176
55,56,7.51,0.442,8.432500000000001
56,57,10.774999999999999,3.1365,8.677
57,58,2.154,8.108,2.3194999999999997
58,59,8.5725,6.577,8.9255
59,60,5.0205,9.29,0.040509999999999546
60,61,3.9035,0.8240000000000001,4.28
61,62,0.367,10.873,4.65
62,63,2.6035,10.583,1.9889999999999999
63,64,5.322,10.243,2.0195
64,65,10.1815,5.2989999999999995,4.1355
65,66,3.9165,1.292,6.9365000000000006
66,67,3.7889999999999997,2.1215,5.7835
67,68,4.2684999999999995,1.6680000000000001,6.4195
68,69,0.9695,10.174,3.277
69,70,6.4985,10.660499999999999,7.058999999999999
70,71,6.8774999999999995,10.620999999999999,2.3175
71,72,2.129,7.3895,10.5565
72,73,7.0184999999999995,8.5795,2.909
73,74,3.5025,5.5295000000000005,3.3765
74,75,2.4080000000000004,1.2175,8.8615
75,76,2.403,3.5195,11.245989999999999
76,77,3.6029999999999998,6.454000000000001,3.17
77,78,6.6025,5.775,5.166499999999999
78,79,9.154,1.673,9.3155
79,80,4.416499999999999,6.054,3.846
80,81,7.4985,5.5465,8.6875
81,82,9.468,7.7555,2.0140000000000002
82,83,7.5805,10.0275,0.7909999999999999
83,84,4.308,4.7010000000000005,8.537500000000001
84,85,1.374,2.865,3.4625
85,86,0.705,5.1370000000000005,0.014509999999999607
86,87,4.325,0.16699999999999998,7.906
87,88,2.544,6.369,6.590999999999999
88,89,8.2905,4.474500000000001,4.6530000000000005
89,90,7.6419999999999995,4.221500000000001,10.46
90,91,5.3985,2.4825,3.3455000000000004
91,92,9.085,8.7095,8.810500000000001
92,93,7.828,2.407,2.4240000000000004
93,94,8.971,5.310499999999999,1.8045
94,95,8.348500000000001,3.7,3.6295
95,96,7.144,6.8695,6.7755
96,97,9.0765,5.6295,5.4565
97,98,3.092,8.2635,7.6505
98,99,1.6885,2.687,1.929
99,100,10.078,9.9315,5.8205
100,101,0.906,2.4015,9.526
101,102,10.0275,9.9845,10.6195
102,103,8.214,2.346,8.526
103,104,0.4245,7.8825,4.1495
104,105,0.7324999999999999,2.7889999999999997,3.7695
105,106,5.5625,2.529,1.44
106,107,5.306,6.8825,2.2554999999999996
107,108,11.146999999999998,9.513,0.51
108,109,4.2170000000000005,0.46399999999999997,10.4215
109,110,1.737,2.807,10.828
110,111,4.334,4.089,8.431000000000001
111,112,5.3845,9.227,5.364
112,113,8.906500000000001,9.838999999999999,5.4655000000000005
113,114,1.258,7.622,9.424
114,115,8.4885,1.85,4.019
115,116,8.620999999999999,6.1635,0.4305
116,117,8.343,9.818999999999999,0.942
117,118,6.508,1.7085,1.2225000000000001
118,119,10.0945,1.1355,4.559
119,120,4.7725,7.276999999999999,2.6189999999999998
120,121,2.5385,9.8025,4.447
121,122,6.7780000000000005,0.372,10.491
122,123,10.3025,4.640499999999999,9.562999999999999
123,124,3.609,9.523,8.7985
124,125,1.7775,8.122499999999999,3.3175
125,126,6.7455,5.689,7.178
126,127,10.616,0.191,10.9505
127,128,4.417,5.1205,4.7935
128,129,7.377000000000001,8.224499999999999,10.5135
129,130,4.6005,8.697,7.612
130,131,3.115,5.448,7.849
131,132,1.376,6.569,9.329
132,133,1.7109999999999999,4.0525,6.205
133,134,0.7725,7.791499999999999,6.3065
134,135,8.358,10.133,1.8155000000000001
135,136,3.388,10.246500000000001,8.644
136,137,9.718499999999999,1.9304999999999999,3.7430000000000003
137,138,8.8945,7.335,3.4405
138,139,2.508,9.4095,5.223
139,140,8.378,2.3435,9.3865
140,141,7.625,0.19551000000000052,7.7435
141,142,9.650500000000001,4.695,8.466
142,143,8.8635,7.2645,1.482
143,144,9.29,5.57,8.0285
144,145,8.564499999999999,7.459,9.556000000000001
145,146,0.6655,6.7805,0.6695
146,147,10.8225,10.931000000000001,1.7105
147,148,7.969,3.3715,6.7405
148,149,3.026,8.23,6.068
149,150,8.1915,4.537,2.966
150,151,3.3945,8.283999999999999,7.37
151,152,7.352,4.481999999999999,4.109
152,153,7.0,10.4015,4.08
153,154,3.7375,8.165,0.314
154,155,7.069,8.9845,0.059
155,156,5.1525,3.9555,3.2095000000000002
156,157,4.554,4.327,2.62
157,158,0.4935,10.277000000000001,7.252
158,159,9.1145,2.7409999999999997,4.9375
159,160,0.815,6.731,1.314
160,161,5.574999999999999,10.720500000000001,4.421
161,162,8.754000000000001,9.266,9.243500000000001
162,163,10.555,8.1055,6.8835
163,164,1.7745,0.27999999999999997,10.278500000000001
164,165,6.1685,10.205,1.3985
165,166,8.529,7.811,5.9805
166,167,2.5445,0.18750000000000003,6.6695
167,168,1.4775,3.8765,9.6305
168,169,4.4035,1.658,0.633
169,170,2.114,8.139,8.945
170,171,11.045,2.811,6.414
171,172,8.0845,8.932,7.8215
172,173,5.134,5.426,2.7595
173,174,9.5475,1.4185,7.9185
174,175,7.9945,3.483,0.517
175,176,9.839500000000001,1.8735,4.975
176,177,4.698,2.2845,1.459
177,178,7.4615,9.003499999999999,9.6415
178,179,3.356,3.4695,4.1945
179,180,0.72,7.4245,1.591
180,181,10.2015,7.2705,7.5745000000000005
181,182,0.8875,7.194,8.185
182,183,8.5445,3.3795,4.3934999999999995
183,184,1.357,7.446,3.598
184,185,6.577,1.4245,10.452
185,186,1.4140000000000001,5.6785,8.547
186,187,6.826,7.5835,5.598000000000001
187,188,9.3115,10.0445,7.396
188,189,2.1165000000000003,4.4455,2.3375
189,190,11.19499,1.1815,8.526499999999999
190,191,5.2835,3.099,8.04
191,192,1.4055,9.835999999999999,0.1545
192,193,3.5145,10.096,6.0775
193,194,0.827,4.5595,4.3695
194,195,10.344,0.096,9.2375
195,196,8.514,0.85,9.918
196,197,5.236000000000001,5.7895,2.079
197,198,5.537,5.1145,2.0935
198,199,7.990500000000001,5.0565,6.8965
199,200,10.443999999999999,3.9945000000000004,4.3805
200,201,9.168500000000002,6.159,5.013999999999999
201,202,9.072,0.7264999999999999,5.792
202,203,8.462,4.1445,3.349
203,204,3.292,2.7375,5.8285
204,205,2.008,2.3265000000000002,8.1295
205,206,1.127,4.383,5.438000000000001
206,207,3.9465,8.1015,9.0495
207,208,4.4695,8.0155,5.1335
208,209,6.293,1.6945000000000001,8.404499999999999
209,210,1.349,1.0145,2.1085
210,211,8.0975,0.3415,9.408999999999999
211,212,2.8185000000000002,5.0545,4.813
212,213,8.282,2.3225,10.212499999999999
213,214,5.8635,5.4955,6.522
214,215,3.5525,8.2255,4.4094999999999995
215,216,4.904,6.545,3.4619999999999997
216,217,9.8395,3.276,6.8385
217,218,4.704000000000001,7.96,2.7765
218,219,9.372,1.3895,1.2654999999999998
219,220,0.07901000000000025,7.3445,7.6815
220,221,10.4435,4.0675,5.3805
221,222,0.06900999999999963,2.692,0.0635
222,223,9.401,1.98,6.448499999999999
223,224,3.6710000000000003,5.7725,6.6035
224,225,4.4475,5.259,10.875499999999999
225,226,10.472000000000001,1.2229999999999999,0.3255
226,227,4.447,2.02,3.901
227,228,6.157500000000001,10.8175,7.819
228,229,1.0015,6.801,4.248
229,230,7.5595,1.9224999999999999,1.943
230,231,0.08550999999999978,0.393,8.962
231,232,9.2735,1.6440000000000001,4.516500000000001
232,233,4.0225,8.8045,6.193
233,234,7.202,3.7504999999999997,8.175
234,235,7.335,3.3025,8.486
235,236,8.627500000000001,1.584,11.20349
236,237,10.725000000000001,9.5405,6.2175
237,238,2.162,9.4125,7.4445
238,239,3.892,2.17,9.3705
239,240,6.145,1.4945,10.509
240,241,6.381,9.120000000000001,2.1595
241,242,6.325,5.1315,2.2305
242,243,2.0265,10.4215,5.8835
243,244,1.3005,0.6675,10.665
244,245,4.4125,6.3515,8.190999999999999
245,246,8.8025,7.752,11.1335
246,247,1.8479999999999999,1.4849999999999999,1.4795
247,248,0.2965,3.156,1.6985000000000001
248,249,8.997,0.3295,3.34
249,250,0.507,6.468999999999999,7.503500000000001
250,251,3.8819999999999997,10.258500000000002,2.436
251,252,6.0280000000000005,9.968499999999999,4.664
252,253,6.2825,8.038499999999999,1.9754999999999998
253,254,4.39,9.759,11.10149
254,255,2.526,7.6395,4.7085
255,256,8.0635,6.9485,4.912
256,257,10.0215,7.4830000000000005,8.9955
257,258,11.22499,10.219000000000001,1.4289999999999998
258,259,10.3965,1.0265,3.8095
259,260,7.083,8.837,9.0275
260,261,6.3965,8.1065,6.939
261,262,3.8735,5.59,7.236000000000001
262,263,3.173,9.335,8.6375
263,264,3.524,7.497999999999999,11.14799
264,265,9.7435,5.6715,8.942
265,266,0.8,8.411,3.0875
266,267,10.823,0.208,7.1675
267,268,2.0540000000000003,1.528,7.807
268,269,4.2945,5.5815,1.8005
269,270,0.3,6.916,9.8995
270,271,4.378,4.784,9.9955
271,272,7.649,3.6025,5.8925
272,273,3.2535,6.1285,9.190000000000001
273,274,10.617,1.2054999999999998,10.8805
274,275,7.523,8.804,5.8535
275,276,4.228,9.7715,3.8465
276,277,4.418,6.928,6.679500000000001
277,278,5.284,10.983,0.721
278,279,0.5965,9.7585,9.426
279,280,10.719999999999999,3.375,3.5835
280,281,8.8705,1.466,2.5415
281,282,0.9975,10.8925,9.702
282,283,4.036,0.16899999999999998,7.156
283,284,10.856,3.6595,5.0785
284,285,6.391,5.273,9.413499999999999
285,286,2.8975,2.3045,9.150500000000001
286,287,1.2429999999999999,6.3740000000000006,7.1129999999999995
287,288,6.4399999999999995,4.5035,8.267
288,289,9.007,1.0114999999999998,9.422
289,290,9.019,5.0395,8.8305
290,291,3.2945,7.538,0.6910000000000001
291,292,1.3885,2.307,2.766
292,293,10.304,9.875499999999999,0.5545
293,294,3.2405,8.467500000000001,4.412000000000001
294,295,2.5915,8.707,1.044
295,296,4.9685,11.201,0.027509999999999923
296,297,6.779999999999999,11.06499,3.532
297,298,6.8445,0.2555,2.5025
298,299,7.1370000000000005,3.041,0.30300000000000005
299,300,7.720000000000001,6.513,8.926
300,301,2.6395,1.3940000000000001,2.6944999999999997
301,302,10.574,6.5565,1.0115
302,303,1.4825,1.8239999999999998,7.54
303,304,6.023,3.5505,1.229
304,305,10.405000000000001,4.184,1.936
305,306,8.7515,4.009,6.7605
306,307,3.15,3.82,2.561
307,308,4.534,5.6135,10.985
308,309,6.5265,9.996,4.0329999999999995
309,310,10.079,8.344000000000001,7.231
310,311,3.16,8.8335,10.2065
311,312,4.2925,6.552,5.547000000000001
312,313,5.8795,5.3605,0.722
313,314,7.0415,2.9615,7.975
314,315,9.7095,9.536,2.3395
315,316,0.489,8.6975,3.319
316,317,8.2055,6.9815000000000005,2.789
317,318,10.6235,7.6015,5.2705
318,319,1.9409999999999998,7.4719999999999995,5.9765
319,320,7.3155,0.775,3.9785
320,321,5.3155,5.416,3.448
321,322,7.6915,2.8819999999999997,0.361
322,323,1.8279999999999998,6.2325,4.114
323,324,1.944,8.257,1.439
324,325,9.96,10.353,1.7575
325,326,0.48850000000000005,3.7815000000000003,7.7885
326,327,9.812999999999999,0.06151000000000023,7.358499999999999
327,328,1.1124999999999998,5.7315000000000005,9.555
328,329,3.2220000000000004,1.9615,6.99
329,330,5.8815,7.1955,2.7439999999999998
330,331,10.1795,5.1805,6.202
331,332,0.12500999999999962,0.004510000000001568,3.2005
332,333,5.8605,7.5035,8.664
333,334,11.24549,7.9704999999999995,4.76
334,335,4.1205,5.304,7.2535
335,336,5.0075,7.596500000000001,10.9205
336,337,4.1265,2.4035,0.3805
337,338,5.7885,4.1445,3.5839999999999996
338,339,11.098,4.993,6.857
339,340,8.5835,7.885999999999999,7.992000000000001
340,341,5.586,10.469000000000001,2.9130000000000003
341,342,2.0995,9.931999999999999,8.292
342,343,0.199,0.5265,5.0825
343,344,6.391,5.151,5.4575
344,345,1.3615,5.32,1.9145
345,346,3.067,6.806,6.4825
346,347,0.29400000000000004,7.059,5.2865
347,348,2.7075,9.1495,6.7905
348,349,1.3085,6.295,5.561999999999999
349,350,2.8665000000000003,0.9635,8.5005
350,351,4.563000000000001,1.6720000000000002,11.12749
351,352,7.7305,0.2165,5.1515
352,353,10.259,5.895,8.803
353,354,5.465,2.2335000000000003,4.9830000000000005
354,355,8.8185,6.5335,5.4665
355,356,0.14100000000000001,1.4525000000000001,5.9575
356,357,3.638,0.24250000000000002,5.6145
357,358,7.7385,1.1095000000000002,9.812000000000001
358,359,1.8435,1.587,0.7
359,360,2.9645,3.1835,0.7545
360,361,10.4865,4.178000000000001,3.2765
361,362,6.1485,3.3785,4.3580000000000005
362,363,10.196000000000002,6.311,4.4285
363,364,7.872,11.0415,2.948
364,365,5.1195,1.6345,9.181000000000001
365,366,5.974500000000001,0.4445,0.2495
366,367,7.6655,6.420999999999999,1.143
367,368,1.708,2.2744999999999997,5.0045
368,369,7.111,6.348,0.37449999999999994
369,370,4.9719999999999995,8.4925,4.566
370,371,5.102,1.754,1.0785
371,372,4.6530000000000005,9.1195,9.8855
372,373,7.501,6.9239999999999995,11.024000000000001
373,374,1.934,7.528499999999999,8.3585
374,375,4.0055,1.6115,1.5825
375,376,9.0775,7.8165,1.391
376,377,2.748,5.0649999999999995,6.563000000000001
377,378,2.089,10.2195,4.337
378,379,10.797,9.8735,3.9605
379,380,10.546,3.865,10.4415
380,381,6.3825,7.314500000000001,9.856
381,382,0.061009999999999565,8.0555,7.6739999999999995
382,383,5.595,0.708,2.502
383,384,5.6,7.484,6.3575
384,385,5.7385,0.0925,8.2395
385,386,11.22749,8.961500000000001,9.620999999999999
386,387,10.506499999999999,3.708,6.468999999999999
387,388,6.13,4.1445,11.0445
388,389,7.032500000000001,2.0995,5.6655
389,390,3.0915,10.972,3.875
390,391,7.346,1.0655000000000001,7.7275
391,392,3.588,5.8945,3.8165
392,393,9.7865,8.934999999999999,3.5155
393,394,4.6635,6.3115000000000006,2.299
394,395,6.6955,7.009,4.8825
395,396,2.8725,4.2515,1.4105
396,397,1.609,0.32699999999999996,4.0735
397,398,5.63,3.9785000000000004,4.452
398,399,0.939,5.1935,7.341
399,400,9.205,9.993,10.261
400,401,6.5295000000000005,9.7355,10.373
401,402,3.7885,4.147,10.1255
402,403,7.826,7.9985,9.166
403,404,1.7565,6.0845,4.538
404,405,3.4915,9.969999999999999,1.154
405,406,1.8445,4.66,3.346
406,407,10.738,8.347000000000001,1.4325
407,408,4.996,6.383,9.3415
408,409,3.6900000000000004,4.164,4.531499999999999
409,410,11.24149,4.06,3.4859999999999998
410,411,3.1225,6.785,1.432
411,412,2.2965,1.0505,4.188000000000001
412,413,5.204000000000001,2.5045,3.9805
413,414,8.423,7.8155,1.5395
414,415,3.5555,4.9715,10.8265
415,416,8.562999999999999,8.469000000000001,0.318
416,417,1.004,3.177,4.862500000000001
417,418,1.158,9.2205,3.1265
418,419,0.42300000000000004,8.727,6.481
419,420,6.2965,8.0485,11.1265
420,421,3.7125000000000004,10.4125,10.096499999999999
421,422,7.6615,8.0395,0.04150999999999941
422,423,6.131,8.311499999999999,4.105499999999999
423,424,8.355,5.560499999999999,8.113
424,425,9.7355,8.2435,4.2375
425,426,8.644,9.9825,9.871500000000001
426,427,1.2745,8.687999999999999,4.016
427,428,3.049,1.4135,5.534
428,429,4.465999999999999,5.293,2.4915
429,430,6.6835,11.243490000000001,4.065
430,431,5.295,3.092,5.7330000000000005
431,432,10.272,2.7575,2.1605
432,433,3.4515000000000002,4.418,3.2795
433,434,6.3305,7.5735,4.2865
434,435,3.7649999999999997,11.18599,10.02
435,436,9.882,6.091,0.998
436,437,0.10500999999999827,10.661,7.8355
437,438,9.905999999999999,10.618,8.1275
438,439,8.948,6.3805,10.1625
439,440,5.767,0.39849999999999997,3.7075
440,441,7.1115,3.802,7.4385
441,442,7.5725,5.407,4.1525
442,443,4.976,10.559999999999999,5.814
443,444,6.766,3.8545,6.5165
444,445,0.258,3.9715,8.183499999999999
445,446,1.7810000000000001,1.2534999999999998,5.275
446,447,9.053,3.9044999999999996,9.9635
447,448,0.293,5.1035,8.665
448,449,3.74,6.577,1.842
449,450,4.23,1.846,8.709
450,451,6.127000000000001,6.34,6.144500000000001
451,452,2.338,3.4415,5.9325
452,453,0.5685,0.872,8.087
453,454,3.556,5.562,9.597
454,455,8.2525,4.0575,10.931000000000001
455,456,5.58,3.9725,1.548
456,457,4.3614999999999995,8.1275,2.2954999999999997
457,458,6.481999999999999,0.3095,10.9775
458,459,3.138,8.567,0.352
459,460,3.37,9.3645,1.3345
460,461,7.564,10.018,5.233
461,462,5.225,1.6285,3.653
462,463,11.1645,6.035,10.212
463,464,9.398,3.4,11.0835
464,465,3.6254999999999997,6.054,8.751
465,466,4.1065,10.204,4.1865000000000006
466,467,7.258,9.0985,5.628
467,468,2.5380000000000003,0.526,7.1345
468,469,1.6709999999999998,5.1675,0.8480000000000001
469,470,10.183499999999999,9.202,4.970000000000001
470,471,2.2995,1.661,0.806
471,472,6.609,6.1434999999999995,7.8004999999999995
472,473,7.032,5.625,0.4515
473,474,10.1735,0.9695,7.008
474,475,7.298,5.916,5.2695
475,476,10.154,0.39349999999999996,5.086
476,477,8.198,3.1905,8.4405
477,478,0.8795,10.5735,7.727
478,479,2.768,5.5885,1.057
479,480,5.122,7.1739999999999995,5.62
480,481,3.004,9.065000000000001,4.5585
481,482,6.071,8.5495,2.934
482,483,7.3245000000000005,1.97,3.0389999999999997
483,484,2.6795,3.1305,7.2364999999999995
484,485,10.012,1.115,3.1174999999999997
485,486,3.3555,0.7335,2.223
486,487,5.5565,2.7325,1.8969999999999998
487,488,7.961,9.409,3.052
488,489,5.7364999999999995,1.25,2.5460000000000003
489,490,1.7195,2.3285,0.6205
490,491,3.069,7.2585,5.1875
491,492,10.548,1.1385,8.757000000000001
492,493,11.0445,4.98,4.952
493,494,2.3815,4.1365,4.5105
494,495,3.4405,3.2785,8.227
495,496,6.5920000000000005,2.3765,7.006
496,497,1.86,2.1260000000000003,11.14549
497,498,8.4665,5.022,1.4685000000000001
498,499,2.976,4.1565,1.776
499,500,0.33299999999999996,4.4695,1.029
500,501,2.8675,3.622,6.0920000000000005
501,502,5.031000000000001,10.687999999999999,9.8155
502,503,1.309,0.3485,8.250499999999999
503,504,1.8275000000000001,8.9265,9.4535
504,505,6.137499999999999,9.6195,11.14599
505,506,10.410499999999999,2.83,4.951499999999999
506,507,3.259,0.3255,6.3015
507,508,8.145999999999999,3.9000000000000004,9.798
508,509,7.5504999999999995,1.392,6.3045
509,510,0.933,2.8345000000000002,2.984
510,511,1.3944999999999999,1.9475,5.8635
511,512,10.969000000000001,4.4935,11.0155
512,513,10.1985,1.5625,1.292
513,514,5.2805,8.8775,2.19
514,515,8.221499999999999,2.263,0.04599999999999999
515,516,3.154,8.0955,1.5434999999999999
516,517,6.2415,9.757,7.6495
517,518,1.112,9.7415,1.3744999999999998
518,519,3.246,10.9395,11.20949
519,520,7.63,5.966,4.209
520,521,9.279499999999999,7.9485,10.8215
521,522,9.0145,1.6280000000000001,7.454000000000001
522,523,1.3225,5.124,3.466
523,524,0.5585,10.6415,5.8870000000000005
524,525,9.374500000000001,0.33799999999999997,2.856
525,526,2.564,2.314,4.9785
526,527,2.817,2.2785,3.1445
527,528,2.6055,4.9855,9.642
528,529,6.312,7.5785,8.2775
529,530,9.4455,4.954000000000001,3.0135
530,531,7.005,7.968999999999999,9.8355
531,532,0.6725,9.7705,7.224500000000001
532,533,8.213000000000001,9.1735,5.1240000000000006
533,534,6.327,2.955,10.8515
534,535,2.8845,10.768,7.2855
535,536,5.662,5.1754999999999995,5.6655
536,537,0.6605,3.3760000000000003,7.955500000000001
537,538,7.8660000000000005,4.687,5.2265
538,539,9.1035,2.3665000000000003,1.8105000000000002
539,540,2.3945,0.7809999999999999,4.57
540,541,8.5075,9.0495,1.4465
541,542,11.036,10.24,3.924
542,543,10.203,2.9875,3.7634999999999996
543,544,9.849,2.7904999999999998,10.3555
544,545,4.3865,3.759,7.416
545,546,8.895,8.418,1.871
546,547,7.462,1.254,5.7925
547,548,9.0945,8.693000000000001,4.8325
548,549,10.232,4.9575,3.5645
549,550,6.587,2.8,10.2385
550,551,8.9235,2.699,7.129
551,552,9.7865,10.3195,5.3505
552,553,2.38,7.4985,2.681
553,554,6.901,4.23,2.85
554,555,1.2635,10.888,6.395
555,556,5.409,3.662,9.5335
556,557,4.5745,10.753499999999999,1.3395000000000001
557,558,6.931,9.671,9.051
558,559,6.4105,3.2535,7.3355
559,560,4.6415,4.608,10.821
560,561,10.0435,2.271,9.5825
561,562,7.1575,2.0989999999999998,1.3929999999999998
562,563,5.739,3.207,6.906000000000001
563,564,3.1855,6.316,2.025
564,565,5.218,6.1995000000000005,0.29900000000000004
565,566,10.266,5.0440000000000005,5.0755
566,567,3.1955,1.073,0.20801000000000042
567,568,5.4305,1.7395,0.5415
568,569,3.847,10.578,0.3045
569,570,10.5765,9.4875,1.0034999999999998
570,571,8.0285,7.643,6.5015
571,572,1.8115,7.388,4.135
572,573,8.799499999999998,2.798,3.0155000000000003
573,574,5.6945,1.429,7.25
574,575,9.652999999999999,4.6385000000000005,7.105499999999999
575,576,1.1155,2.268,4.2605
576,577,6.182,1.75,5.715999999999999
577,578,9.109,10.2425,2.806
578,579,10.008,9.443999999999999,9.8895
579,580,0.0535,2.5065,5.1145
580,581,9.4925,10.2815,10.622
581,582,1.085,8.895499999999998,7.974
582,583,3.4935,2.636,3.778
583,584,3.033,7.734999999999999,10.9825
584,585,5.906000000000001,0.6735,4.6005
585,586,0.841,1.887,8.136500000000002
586,587,2.1545,9.430499999999999,2.904
587,588,6.0745000000000005,2.447,8.5425
588,589,7.476,1.634,9.6645
589,590,10.089500000000001,6.741,10.3555
590,591,8.038,8.607,9.4405
591,592,1.232,9.174,3.6635
592,593,5.7415,2.396,9.696000000000002
593,594,8.772,1.4340000000000002,10.100999999999999
594,595,4.0375,0.11301000000000094,5.618
595,596,10.1795,8.999500000000001,8.8975
596,597,0.07250999999999941,2.7030000000000003,3.753
597,598,7.7825,1.7315,1.125
598,599,1.3725,5.111,8.517
599,600,1.7555,8.321000000000002,4.564
600,601,1.6895,2.3265000000000002,8.9815
601,602,2.4035,6.089499999999999,7.7170000000000005
602,603,8.588000000000001,10.913,6.999
603,604,10.818999999999999,9.567,8.7
604,605,0.444,4.2245,2.8179999999999996
605,606,7.7,5.989,0.301
606,607,4.4915,6.257,1.093
607,608,2.7750000000000004,3.3209999999999997,0.1350100000000004
608,609,4.3315,2.9269999999999996,4.9544999999999995
609,610,1.2415,0.702,9.8235
610,611,2.4770000000000003,1.154,10.3215
611,612,0.319,7.9725,10.672
612,613,7.5355,6.1895,5.7545
613,614,11.032499999999999,4.428,0.7105
614,615,1.7825,3.2445,3.641
615,616,3.162,10.317499999999999,3.4505
616,617,10.657499999999999,7.743,9.229
617,618,1.897,7.3425,10.925
618,619,10.7935,10.3095,3.064
619,620,4.1405,10.644,8.979500000000002
620,621,4.9265,10.182,6.396
621,622,8.582999999999998,1.831,3.135
622,623,2.0765000000000002,8.8225,2.1189999999999998
623,624,9.707,0.6905,0.7464999999999999
624,625,3.3405,7.0915,9.648
625,626,7.393000000000001,10.828,10.1995
626,627,1.854,6.1615,9.4855
627,628,0.8625,7.635,0.531
628,629,1.407,6.4495000000000005,3.046
629,630,1.3820000000000001,8.924,9.111
630,631,6.3065,2.867,3.1414999999999997
631,632,9.4805,3.1865,3.4130000000000003
632,633,2.9185,9.527999999999999,3.2720000000000002
633,634,9.246,4.563000000000001,3.896
634,635,2.2855,4.939,10.6115
635,636,2.357,5.917999999999999,10.4875
636,637,0.2355,4.6525,9.657499999999999
637,638,4.595000000000001,1.3824999999999998,2.967
638,639,5.131500000000001,3.2055,2.8695000000000004
639,640,4.8945,5.3149999999999995,1.592
640,641,8.8205,8.8315,6.814500000000001
641,642,10.8415,9.154,4.304
642,643,6.3845,3.2859999999999996,5.4719999999999995
643,644,3.153,1.994,5.981
644,645,0.5720000000000001,2.2830000000000004,1.109
645,646,3.8395,2.9779999999999998,9.059000000000001
646,647,4.8155,3.1245000000000003,8.881
647,648,10.521,6.0440000000000005,0.722
648,649,5.305,9.4565,6.2445
649,650,5.5275,8.966999999999999,6.7465
650,651,6.891,7.455,2.1254999999999997
651,652,6.5845,9.561499999999999,1.5765
652,653,5.252,7.8,7.475
653,654,4.0635,9.1075,2.7344999999999997
654,655,2.4535,3.1955,10.2105
655,656,3.993,2.2925,4.948
656,657,0.9790000000000001,7.5145,1.146
657,658,7.8469999999999995,0.36549999999999994,10.404
658,659,1.1735,10.807500000000001,8.412500000000001
659,660,10.6985,1.6745,10.5475
660,661,3.9855,10.910499999999999,4.314500000000001
661,662,4.0105,10.7545,3.691
662,663,4.494,2.754,10.1135
663,664,8.4955,5.781000000000001,0.9724999999999999
664,665,10.0655,6.9465,8.646
665,666,4.8285,10.2265,9.903500000000001
666,667,0.39749999999999996,10.822,7.198
667,668,5.131500000000001,8.2835,1.5065
668,669,5.166,4.723,7.274
669,670,0.3625,4.6795,5.157500000000001
670,671,8.9535,11.22149,8.08
671,672,8.871500000000001,2.8555,10.931999999999999
672,673,3.686,6.541,9.718
673,674,4.321,0.8895,8.689499999999999
674,675,8.0015,1.5015,4.763
675,676,6.4094999999999995,3.8565,3.0305
676,677,9.628499999999999,9.154499999999999,7.9915
677,678,8.4675,0.45399999999999996,10.177
678,679,2.928,7.1045,8.4455
679,680,9.556000000000001,0.4215,5.7545
680,681,9.4505,8.017,4.361
681,682,0.8215,9.9055,4.4095
682,683,4.715,3.003,2.2104999999999997
683,684,3.1395,1.2945,2.1845
684,685,5.5945,6.5655,11.0125
685,686,4.8965,9.456,3.917
686,687,8.663,6.942,4.8535
687,688,0.487,3.3609999999999998,0.0045099999999997364
688,689,6.823,6.5745000000000005,2.1875
689,690,6.885,1.2505000000000002,8.8895
690,691,10.1355,1.674,8.971499999999999
691,692,8.8005,3.8979999999999997,10.286999999999999
692,693,5.3925,10.967,1.8765
693,694,10.6365,7.5634999999999994,2.441
694,695,7.3035,2.3890000000000002,10.698
695,696,9.282499999999999,5.629,9.2595
696,697,9.690000000000001,10.401,0.569
697,698,5.063000000000001,6.9125,0.935
698,699,2.4299999999999997,9.7205,2.045
699,700,2.521,6.7745,7.5615
700,701,2.079,6.7445,0.8314999999999999
701,702,1.9435000000000002,5.7255,10.858
702,703,10.32,1.763,2.634
703,704,11.1405,0.03101000000000037,0.249
704,705,7.1745,5.8125,1.838
705,706,11.148489999999999,6.352,4.9735
706,707,4.1690000000000005,6.6665,0.49449999999999994
707,708,9.189,4.616,4.7915
708,709,10.3975,10.5095,5.6375
709,710,7.5865,9.6205,4.441
710,711,7.927999999999999,9.776,7.3355
711,712,7.115,7.753,3.347
712,713,5.095,1.5935000000000001,0.177
713,714,0.9229999999999999,0.2705,6.0805
714,715,7.2925,1.508,2.1215
715,716,3.8255,6.3395,9.153
716,717,11.093990000000002,1.193,4.0315
717,718,9.751999999999999,0.361,0.12900999999999974
718,719,7.836,8.6075,3.2485
719,720,4.796,1.2665,2.1079999999999997
720,721,4.659000000000001,7.1259999999999994,0.6695
721,722,4.6815,2.5309999999999997,7.5245
722,723,5.557,9.1665,1.39
723,724,3.2264999999999997,7.096500000000001,3.3635
724,725,3.9139999999999997,10.2595,5.256
725,726,6.418,8.1445,5.3525
726,727,6.524,7.7825,2.867
727,728,9.038,3.093,2.4685
728,729,9.934999999999999,5.694,6.4935
729,730,10.577,3.1205,10.1965
730,731,7.952500000000001,7.406000000000001,2.277
731,732,2.1305,0.577,2.653
732,733,0.9510000000000001,6.9879999999999995,10.786
733,734,10.261,6.7285,10.800999999999998
734,735,2.2750000000000004,4.4395,8.835
735,736,9.662,10.596499999999999,4.936
736,737,10.9115,8.379,8.2325
737,738,8.0525,10.0465,10.375499999999999
738,739,7.2780000000000005,1.982,7.1535
739,740,5.096,2.4275,5.002000000000001
740,741,8.846499999999999,10.1545,6.2405
741,742,9.1365,9.0185,3.467
742,743,5.088,1.4765,6.9145
743,744,4.3759999999999994,10.4915,8.187
744,745,10.606,8.925,1.0925
745,746,4.7775,4.167,0.5745
746,747,0.9995,9.7685,10.684999999999999
747,748,6.5105,9.536000000000001,8.828
748,749,10.623000000000001,6.1305,7.981
749,750,4.5255,0.518,6.6035
750,751,3.066,8.196000000000002,0.03251000000000026
751,752,10.906500000000001,7.6355,1.295
752,753,3.0235,5.0275,1.732
753,754,4.496,7.7965,8.7865
754,755,2.2935,3.8415,3.8925
755,756,8.7025,8.647,10.681000000000001
756,757,7.4254999999999995,2.9364999999999997,5.333
757,758,6.8595,0.6759999999999999,1.5605
758,759,1.775,6.9575,6.7125
759,760,6.359999999999999,10.882,6.308999999999999
760,761,3.3165,8.9345,3.8745000000000003
761,762,9.3895,3.0555,1.9125
762,763,0.5435,8.667,7.0329999999999995
763,764,7.4485,3.985,2.082
764,765,0.6815,6.4025,2.8200000000000003
765,766,10.0235,3.8630000000000004,11.1845
766,767,9.8565,2.7275,8.1775
767,768,6.088,3.7915,4.603
768,769,2.4335,7.016500000000001,2.8520000000000003
769,770,0.7885,9.564,5.2675
770,771,0.889,8.258,9.1875
771,772,3.4305000000000003,1.8935,3.803
772,773,4.634,0.2545,10.782499999999999
773,774,2.69,4.968500000000001,2.753
774,775,4.138,7.824,10.007
775,776,11.0155,0.14701000000000053,6.459
776,777,10.3035,9.2575,2.49
777,778,2.201,1.834,4.0715
778,779,7.356,0.067,10.1115
779,780,10.9145,0.7569999999999999,10.847000000000001
780,781,10.3335,6.327999999999999,9.945
781,782,2.8594999999999997,0.6405,10.517
782,783,10.5015,6.7059999999999995,2.351
783,784,1.932,8.2895,0.7104999999999999
784,785,4.646,0.05500999999999934,1.758
785,786,6.253,4.1114999999999995,10.211
786,787,1.117,2.5084999999999997,10.9855
787,788,10.774000000000001,4.746,10.787500000000001
788,789,4.5465,5.6365,0.2515
789,790,0.767,1.8915,2.436
790,791,2.197,2.7315,2.1845
791,792,8.3005,8.223500000000001,4.511
792,793,4.923500000000001,4.1579999999999995,7.487500000000001
793,794,8.4395,3.3815,9.33
794,795,6.353,2.785,7.077999999999999
795,796,0.84,2.948,6.5695
796,797,0.3185,3.4555,5.449
797,798,2.5755,5.933,4.6215
798,799,8.375,0.998,3.266
799,800,6.804,2.4829999999999997,0.5589999999999999
800,801,7.448,7.1675,10.096
801,802,10.1165,4.573,2.4245
802,803,9.066,10.754999999999999,4.321
803,804,9.567,10.885000000000002,9.957
804,805,0.017010000000000858,6.011,3.5225
805,806,7.0305,5.0335,2.9065
806,807,0.6285000000000001,11.065000000000001,8.1295
807,808,1.6095,2.6595,0.86
808,809,5.3485,6.2204999999999995,4.829000000000001
809,810,0.7025,8.0285,8.2605
810,811,1.2635,5.161,6.856
811,812,2.4764999999999997,0.04050999999999938,3.0965
812,813,9.803,7.1530000000000005,6.2155000000000005
813,814,7.789,8.4725,8.0345
814,815,2.4185,10.258,5.4350000000000005
815,816,1.3535,1.4264999999999999,6.002
816,817,4.7829999999999995,11.23649,8.903500000000001
817,818,1.112,10.596499999999999,8.9805
818,819,3.447,1.5575,2.872
819,820,8.018,7.3975,5.961
820,821,7.5265,1.1295,3.217
821,822,4.035,4.91,7.7805
822,823,9.816500000000001,7.368,1.7295
823,824,3.879,9.452,0.2465
824,825,1.2865,4.4475,1.4645000000000001
825,826,0.093,3.9139999999999997,2.2279999999999998
826,827,7.926,1.0785,2.4875
827,828,4.5665,3.822,1.9745
828,829,1.3895,3.8825000000000003,7.6445
829,830,7.0575,5.4045000000000005,0.8685
830,831,5.2925,8.203,0.399
831,832,7.2775,8.814499999999999,10.9955
832,833,8.360499999999998,0.5115000000000001,7.802
833,834,10.619,7.8505,3.5534999999999997
834,835,6.05,3.908,8.597000000000001
835,836,7.548,8.583,4.462999999999999
836,837,7.523,10.695,6.2204999999999995
837,838,10.3445,10.11,7.07
838,839,7.769,11.06299,11.073
839,840,5.677,10.801,8.639
840,841,3.8440000000000003,2.3265000000000002,10.0105
841,842,6.67,4.776,2.435
842,843,3.6745,2.8215,6.5595
843,844,1.387,4.3255,5.697
844,845,7.355,9.8915,8.1765
845,846,5.5585,10.116499999999998,10.4095
846,847,1.2229999999999999,0.3335,0.8985000000000001
847,848,1.1644999999999999,6.185499999999999,10.886
848,849,7.94,6.3635,6.551500000000001
849,850,0.1925,10.74,11.0335
850,851,10.1455,2.3674999999999997,5.9535
851,852,8.4915,5.505,3.4364999999999997
852,853,10.398,10.04,9.872
853,854,0.20500000000000002,4.871,2.7685
854,855,0.7905,8.82,6.186
855,856,4.923,7.6080000000000005,8.603
856,857,0.369,1.2735,5.491
857,858,2.8890000000000002,8.766,7.913
858,859,3.251,11.23499,3.0925000000000002
859,860,0.025010000000000115,0.5640000000000001,7.3325
860,861,0.3715,6.1645,7.807
861,862,2.623,3.313,3.225
862,863,3.5045,0.1745,7.231
863,864,9.562000000000001,3.682,6.234
864,865,2.5645,5.9635,2.339
865,866,7.0315,2.4985,8.886
866,867,8.2975,9.4545,10.1365
867,868,4.2635000000000005,9.5775,9.818000000000001
868,869,9.6495,8.621,5.6705
869,870,6.7585,4.2125,7.79
870,871,7.5665,5.9025,10.752500000000001
871,872,1.3639999999999999,8.481,6.364
872,873,10.9715,0.946,5.463
873,874,0.399,5.564,2.1310000000000002
874,875,6.756,3.9379999999999997,3.5375
875,876,8.6775,10.3345,7.577
876,877,0.9475,9.376999999999999,6.572
877,878,10.8265,2.1455,0.086
878,879,0.22449999999999998,3.0425,9.2665
879,880,0.274,7.2885,6.662
880,881,7.441,5.017,10.067
881,882,0.6975,1.467,3.7805
882,883,3.774,6.417,10.430499999999999
883,884,6.1165,4.289,0.1945
884,885,9.318999999999999,10.533999999999999,3.2190000000000003
885,886,1.729,1.5075,3.1235
886,887,3.493,3.392,2.2925
887,888,2.5835,5.003500000000001,0.426
888,889,10.8535,7.641,10.809999999999999
889,890,7.8025,3.0195,10.629999999999999
890,891,0.42900000000000005,6.1635,6.7195
891,892,7.205,3.614,1.1145
892,893,8.8545,7.8505,6.834
893,894,4.808,1.0545,4.079
894,895,3.8705,6.317,6.2315
895,896,2.0084999999999997,3.001,9.553
896,897,10.712,1.7810000000000001,1.516
897,898,8.719999999999999,5.4215,9.2925
898,899,4.1995000000000005,7.094,7.568
899,900,4.6365,1.3605,5.1815
900,901,1.8205,9.0195,1.146
901,902,2.334,0.13400999999999913,9.8775
902,903,4.66,7.7255,0.1835
903,904,6.609999999999999,1.202,0.3305
904,905,9.809999999999999,4.031,3.9844999999999997
905,906,1.666,6.7965,0.7165
906,907,2.9080000000000004,4.5135000000000005,8.0415
907,908,4.8655,9.1765,2.4779999999999998
908,909,8.6305,5.029999999999999,10.940999999999999
909,910,4.455500000000001,8.5725,10.3025
910,911,5.8395,9.758,3.4210000000000003
911,912,6.1035,4.6465,4.4405
912,913,0.7515000000000001,3.8775,10.837
913,914,7.182,3.0999999999999996,5.9925
914,915,4.834,1.827,10.597999999999999
915,916,2.8,3.1180000000000003,9.142
916,917,5.287,6.2025,7.459
917,918,2.2145,10.7265,7.342499999999999
918,919,5.5685,8.7635,10.030999999999999
919,920,1.2240000000000002,10.9665,2.2175
920,921,4.1175,9.772,9.068999999999999
921,922,9.748999999999999,11.16749,4.5329999999999995
922,923,7.4925,7.2175,7.982
923,924,7.234,5.102,5.9445
924,925,5.1155,0.804,2.7995
925,926,1.062,11.014,5.6065000000000005
926,927,2.2065,1.73,9.586500000000001
927,928,8.3005,2.847,5.0395
928,929,5.432,9.6195,9.128
929,930,1.925,7.2865,7.806
930,931,8.5165,6.271,10.298
931,932,0.012009999999999965,5.798500000000001,10.7045
932,933,6.939500000000001,0.8405,9.778
933,934,8.8875,11.002,9.128
934,935,9.125,5.667,10.7455
935,936,2.6485,10.451,9.4555
936,937,8.251999999999999,2.694,6.7045
937,938,1.851,3.0229999999999997,2.622
938,939,9.0845,9.6325,1.1444999999999999
939,940,5.3055,2.3594999999999997,7.629
940,941,10.357,2.5915,7.2435
941,942,2.5469999999999997,1.9395,6.6165
942,943,1.1564999999999999,10.534500000000001,10.92
943,944,3.984,4.766,4.3915
944,945,6.641,7.057499999999999,2.2775
945,946,7.8905,5.085,5.633
946,947,9.422,2.855,1.389
947,948,4.1955,9.025500000000001,7.4075
948,949,2.8085,9.149000000000001,10.271
949,950,4.116,9.279,7.963
950,951,2.5815,6.311,10.299
951,952,8.2645,8.9185,2.2965
952,953,1.1755,3.3075,8.2545
953,954,7.748,4.52,4.8335
954,955,4.391,2.6125,0.8660000000000001
955,956,4.4445,0.37,4.8015
956,957,3.6895,0.808,9.01
957,958,7.5755,10.5305,10.8605
958,959,0.49150000000000005,3.4699999999999998,1.4105
959,960,2.0315,9.881499999999999,7.214
960,961,10.618,4.7385,6.224
961,962,10.932500000000001,6.9955,9.564499999999999
962,963,6.368,7.54,0.2195
963,964,9.185500000000001,0.2005,3.876
964,965,2.7415000000000003,2.7065,8.7425
965,966,1.774,3.5355,8.208
966,967,6.1925,10.0505,10.2045
967,968,9.6135,4.4345,0.5035000000000001
968,969,0.233,9.068999999999999,10.5565
969,970,9.4055,7.691,10.030999999999999
970,971,1.867,10.739,2.543
971,972,5.81,5.585,9.8735
972,973,2.668,10.54,4.000500000000001
973,974,5.8155,8.5715,8.3655
974,975,6.478,9.4425,4.919499999999999
975,976,1.6065,5.395,10.797
976,977,0.18,0.24600000000000002,3.944
977,978,2.5534999999999997,2.7809999999999997,10.6975
978,979,0.764,0.7645,2.083
979,980,0.483,6.496,0.0885099999999999
980,981,8.488,1.4255,7.1
981,982,6.616,1.668,2.6334999999999997
982,983,10.305,8.922,4.1370000000000005
983,984,0.9139999999999999,1.9815,10.501999999999999
984,985,1.4929999999999999,5.8965,5.2835
985,986,6.8645,8.637,6.7684999999999995
986,987,5.41,7.0695,0.6455
987,988,3.8975,10.171,6.6975
988,989,8.017,6.242,2.77
989,990,3.3970000000000002,9.413,5.9885
990,991,3.1975,5.071999999999999,6.138999999999999
991,992,9.753,6.502000000000001,5.9265
992,993,5.76,0.603,6.1905
993,994,2.3245,7.1705000000000005,4.477
994,995,7.8895,10.11,4.0120000000000005
995,996,6.216,1.627,3.393
996,997,7.8580000000000005,8.907,0.11300999999999917
997,998,9.584,0.512,9.3445
998,999,7.751,4.654,1.7025
999,1000,5.550000000000001,6.3655,1.2494999999999998
1000,1001,6.3975,10.6235,5.0915
1001,1002,6.3145,0.6234999999999999,1.9765000000000001
1002,1003,2.708,4.1975,0.5385
1003,1004,5.287000000000001,2.7785,11.151
1004,1005,5.852,6.818,8.650500000000001
1005,1006,9.344999999999999,2.94,8.96
1006,1007,9.7,4.986000000000001,0.6194999999999999
1007,1008,2.8339999999999996,10.0885,0.7575000000000001
1008,1009,4.6925,10.9295,2.36
1009,1010,0.14250000000000002,4.481999999999999,1.7675
1010,1011,0.9824999999999999,1.7495,4.702999999999999
1011,1012,0.575,8.0395,1.8515000000000001
1012,1013,10.664,10.6395,9.4485
1013,1014,10.628499999999999,10.089500000000001,0.317
1014,1015,4.15,3.843,1.499
1015,1016,2.4645,10.717500000000001,8.398499999999999
1016,1017,6.346,7.2575,5.906499999999999
1017,1018,7.731999999999999,6.604,8.345
1018,1019,5.3975,3.273,6.275
1019,1020,4.864,11.13599,9.388
1020,1021,7.099,6.0875,9.289000000000001
1021,1022,6.7844999999999995,8.2345,0.49
1022,1023,5.556,7.464,7.6575
1023,1024,7.797,4.734500000000001,8.616
1024,1025,0.9490000000000001,0.45999999999999996,6.859999999999999
1025,1026,7.156000000000001,7.059,3.7435
1026,1027,4.3975,3.9299999999999997,5.661
1027,1028,6.183999999999999,7.0725,9.057
1028,1029,8.04,3.918,4.987
1029,1030,5.175,2.6395,6.6835
1030,1031,10.8375,1.677,0.056010000000000115
1031,1032,6.8115000000000006,8.233,1.4674999999999998
1032,1033,1.089,0.5175000000000001,4.684
1033,1034,9.5665,9.0415,6.276
1034,1035,11.12549,5.560499999999999,0.033009999999999096
1035,1036,6.649,4.1545,9.6745
1036,1037,9.9575,0.988,8.0415
1037,1038,10.9175,1.327,6.9055
1038,1039,8.7355,8.2975,2.7595
1039,1040,8.4665,2.0825,5.9544999999999995
1040,1041,8.261,11.103000000000002,3.6485000000000003
1041,1042,7.057,10.778500000000001,9.283000000000001
1042,1043,7.103,10.123999999999999,3.4565
1043,1044,6.7335,9.906500000000001,3.6335
1044,1045,5.68,0.29500000000000004,9.131499999999999
1045,1046,0.4305,1.143,9.4115
1046,1047,2.0555,9.275500000000001,5.249499999999999
1047,1048,9.8545,9.377500000000001,6.322
1048,1049,1.6720000000000002,4.5425,3.8705
1049,1050,1.688,8.999500000000001,8.16
1050,1051,0.4605,9.567499999999999,2.104
1051,1052,3.518,5.229,1.8135
1052,1053,5.2325,3.8970000000000002,1.1275
1053,1054,3.1315,0.19449999999999998,1.3665
1054,1055,1.9865,1.916,10.425
1055,1056,4.851,9.332,8.224499999999999
1056,1057,10.523,0.769,2.5655
1057,1058,4.8895,11.1075,8.3555
1058,1059,2.2005,7.8614999999999995,9.767
1059,1060,9.8505,9.113,1.2505000000000002
1060,1061,4.2490000000000006,1.9735,9.4015
1061,1062,9.3475,0.5575,1.98
1062,1063,8.391,9.799,4.752
1063,1064,7.377,11.0195,1.451
1064,1065,5.55,7.327,5.817
1065,1066,8.9225,6.2955000000000005,4.7059999999999995
1066,1067,7.427,10.528500000000001,2.5865
1067,1068,5.2675,9.771,8.1835
1068,1069,6.029999999999999,7.3025,4.949
1069,1070,9.3955,2.1864999999999997,11.13799
1070,1071,9.268999999999998,7.7395,6.243
1071,1072,6.8415,3.8225,0.2445
1072,1073,10.0135,10.5695,5.8995
1073,1074,8.378,6.845000000000001,7.306
1074,1075,2.722,2.6340000000000003,5.4885
1075,1076,8.499500000000001,5.9045000000000005,3.5060000000000002
1076,1077,4.7305,4.047499999999999,0.04950999999999994
1077,1078,9.624500000000001,5.1715,10.799
1078,1079,2.9985,0.5225,7.789
1079,1080,6.518,9.970500000000001,5.4145
1080,1081,9.2255,9.6175,7.66
1081,1082,3.338,5.984500000000001,4.2255
1082,1083,7.0695,4.531000000000001,1.5565
1083,1084,0.003009999999999735,2.5545,1.014
1084,1085,10.692,5.4385,5.3125
1085,1086,5.726,7.2435,10.363
1086,1087,1.1035,2.9314999999999998,7.0440000000000005
1087,1088,1.9815,10.314499999999999,0.17200000000000001
1088,1089,9.6055,6.481999999999999,3.6550000000000002
1089,1090,3.6849999999999996,10.936,3.347
1090,1091,2.6505,7.987,7.051
1091,1092,5.2275,6.496,8.847
1092,1093,2.2325,7.371,9.226500000000001
1093,1094,10.5215,6.468999999999999,7.6995000000000005
1094,1095,1.5765,10.6615,3.573
1095,1096,0.1185,9.873999999999999,3.54
1096,1097,5.089,0.3665,6.1745
1097,1098,10.344000000000001,5.447,10.2025
1098,1099,10.383500000000002,4.12,5.894
1099,1100,2.6505,7.547,5.3515
1100,1101,6.6345,5.1884999999999994,7.1305
1101,1102,3.8064999999999998,9.1715,1.2850000000000001
1102,1103,2.9044999999999996,0.6915,5.769
1103,1104,0.9545,8.824,5.697
1104,1105,3.166,10.141,9.913499999999999
1105,1106,8.6305,10.625499999999999,4.856999999999999
1106,1107,0.3255,8.6425,10.3385
1107,1108,3.67,3.9935,6.711
1108,1109,9.5875,3.521,4.6075
1109,1110,7.6225000000000005,10.762,4.8745
1110,1111,11.0875,5.394500000000001,1.9780000000000002
1111,1112,1.0135,6.616,5.3740000000000006
1112,1113,5.5155,2.048,7.955500000000001
1113,1114,2.2085,6.395,5.5595
1114,1115,4.702,6.432,2.8565
1115,1116,11.13599,5.6530000000000005,9.35
1116,1117,0.4465,4.6515,6.284
1117,1118,8.378,2.096,1.4685000000000001
1118,1119,5.8205,2.13,6.3420000000000005
1119,1120,9.3795,4.486000000000001,8.058
1120,1121,8.536,3.6175,7.339
1121,1122,7.541,10.965499999999999,6.9135
1122,1123,9.6465,5.323,6.1145
1123,1124,7.3765,1.2585000000000002,1.4805
1124,1125,9.7555,5.072,8.8445
1125,1126,6.715999999999999,6.266500000000001,3.6605
1126,1127,5.894,5.952,5.493
1127,1128,2.7335000000000003,6.513,9.123999999999999
1128,1129,4.5465,8.644,3.4290000000000003
1129,1130,9.932,6.4575,5.517
1130,1131,4.115,3.5919999999999996,10.409500000000001
1131,1132,2.0045,5.856,6.9185
1132,1133,9.7635,3.6645000000000003,2.165
1133,1134,5.0969999999999995,7.625,4.6915
1134,1135,2.372,6.875,8.116
1135,1136,5.4399999999999995,8.757000000000001,5.955
1136,1137,3.208,11.1825,8.735
1137,1138,7.8125,4.569,0.3885
1138,1139,10.656500000000001,3.675,9.293
1139,1140,10.030000000000001,3.8280000000000003,1.013
1140,1141,3.8465,1.8205,11.210989999999999
1141,1142,3.6654999999999998,4.390000000000001,9.7245
1142,1143,0.586,6.9885,4.0395
1143,1144,9.3675,0.9305,0.07150000000000001
1144,1145,5.385,4.9395,7.6835
1145,1146,7.041,9.094,2.0395000000000003
1146,1147,6.2195,2.081,9.870000000000001
1147,1148,1.699,4.532,4.5875
1148,1149,2.521,8.866,0.248
1149,1150,3.301,11.20499,4.365500000000001
1150,1151,4.1335,6.3475,1.734
1151,1152,2.442,10.594999999999999,1.3399999999999999
1152,1153,2.5505,9.321,2.7104999999999997
1153,1154,8.513,0.10450000000000001,0.248
1154,1155,9.5925,6.0575,1.8175
1155,1156,1.8285,8.5595,9.689
1156,1157,3.66,4.3735,8.7715
1157,1158,4.2535,5.998,9.925
1158,1159,10.795,0.9305,5.023
1159,1160,1.4740000000000002,3.823,10.527000000000001
1160,1161,9.9445,2.1375,6.93
1161,1162,1.6275,11.1345,4.4145
1162,1163,10.0695,5.5075,0.9005
1163,1164,11.13299,3.5475,2.941
1164,1165,4.8065,8.4755,3.8120000000000003
1165,1166,0.3255,6.6545,8.542
1166,1167,0.04551000000000041,10.425,6.3875
1167,1168,3.9574999999999996,3.0090000000000003,7.7415
1168,1169,1.776,7.5055,1.919
1169,1170,3.6505,6.6,4.7895
1170,1171,0.5825,0.5185,3.33
1171,1172,8.391,9.517,7.3695
1172,1173,9.3005,1.1444999999999999,4.5045
1173,1174,5.068,3.263,3.9625
1174,1175,1.1935,8.569500000000001,0.277
1175,1176,0.6695,11.20899,9.687
1176,1177,8.9365,1.963,9.026
1177,1178,7.226,7.329,3.394
1178,1179,11.007,7.0145,7.544499999999999
1179,1180,9.761,10.189499999999999,2.38
1180,1181,10.5125,10.681000000000001,10.926
1181,1182,2.4585,6.0969999999999995,11.24199
1182,1183,7.664,9.442,1.1115
1183,1184,7.04,5.193,9.661999999999999
1184,1185,6.9725,6.88,10.087499999999999
1185,1186,0.488,3.4265,10.030999999999999
1186,1187,11.22999,9.913,6.966
1187,1188,4.893,4.0565,6.5600000000000005
1188,1189,2.1515000000000004,5.8505,0.9504999999999999
1189,1190,0.331,5.513,4.3315
1190,1191,1.045,5.2829999999999995,5.6955
1191,1192,1.9375,0.6835,6.66
1192,1193,11.22999,8.395499999999998,1.2085
1193,1194,3.8665000000000003,0.03900999999999971,0.696
1194,1195,8.4295,0.536,2.543
1195,1196,5.8629999999999995,3.052,0.8534999999999999
1196,1197,9.286999999999999,9.049,1.0375
1197,1198,2.5735,3.697,1.1995
1198,1199,8.815999999999999,2.4785000000000004,3.7665
1199,1200,9.586,7.4755,9.6465
1200,1201,0.265,6.4085,2.6189999999999998
1201,1202,10.6305,1.1244999999999998,1.775
1202,1203,1.4475,6.13,2.3765
1203,1204,1.8265,9.689,9.621500000000001
1204,1205,7.4055,8.314499999999999,5.8
1205,1206,0.476,1.5939999999999999,0.8414999999999999
1206,1207,0.6855,4.1365,0.3415
1207,1208,1.5314999999999999,0.23349999999999999,5.3165
1208,1209,6.577,4.206,8.6485
1209,1210,9.8765,10.4905,4.0405
1210,1211,6.1165,3.887,7.3925
1211,1212,6.973,1.1525,6.756
1212,1213,3.4075,7.2745,1.7879999999999998
1213,1214,4.308,0.482,5.695499999999999
1214,1215,4.594,7.105,10.3985
1215,1216,0.38949999999999996,5.183,0.598
1216,1217,5.2545,7.9215,1.359
1217,1218,2.0965,7.414999999999999,2.2199999999999998
1218,1219,3.8305,6.936999999999999,7.3605
1219,1220,4.6685,9.01,0.5575
1220,1221,8.225,7.9025,3.5705
1221,1222,7.1370000000000005,7.765000000000001,6.9245
1222,1223,9.597999999999999,0.993,10.799
1223,1224,9.2145,2.9930000000000003,9.774000000000001
1224,1225,2.7874999999999996,5.451499999999999,7.041
1225,1226,7.3865,3.127,9.5
1226,1227,5.542999999999999,0.0885100000000012,6.955
1227,1228,7.894,8.0055,0.5805
1228,1229,8.7345,9.652000000000001,2.9635
1229,1230,1.295,6.157,8.773499999999999
1230,1231,1.9085,9.278500000000001,6.215999999999999
1231,1232,2.9905,5.1125,8.711500000000001
1232,1233,0.10900999999999961,2.3585,5.942500000000001
1233,1234,5.8919999999999995,7.3195,3.4375
1234,1235,8.036999999999999,6.468999999999999,1.8525
1235,1236,0.9349999999999999,5.1045,10.1205
1236,1237,1.3765,7.8745,5.1815
1237,1238,5.803000000000001,9.245,10.52
1238,1239,3.7415000000000003,8.9145,8.595500000000001
1239,1240,2.354,4.9030000000000005,6.046
1240,1241,5.5105,4.742,11.04
1241,1242,9.0535,2.029,5.9085
1242,1243,7.7115,3.8865,10.9115
1243,1244,3.7205,8.997499999999999,7.380000000000001
1244,1245,9.999,11.122489999999999,0.0625100000000014
1245,1246,7.9365000000000006,5.1545000000000005,2.33
1246,1247,2.609,0.463,1.755
1247,1248,2.041,4.8635,7.8705
1248,1249,1.362,11.12699,9.599499999999999
1249,1250,7.332,7.1225000000000005,10.498000000000001
1250,1251,2.5115,0.9984999999999999,3.271
1251,1252,1.7195,4.73,6.745
1252,1253,4.859999999999999,9.1955,1.4264999999999999
1253,1254,9.118500000000001,8.168,9.299
1254,1255,8.538499999999999,5.061999999999999,7.6495
1255,1256,3.98,1.1019999999999999,5.135999999999999
1256,1257,2.8845,10.435500000000001,6.6370000000000005
1257,1258,9.539000000000001,9.61,3.76
1258,1259,10.2805,3.9425,8.094
1259,1260,4.822,3.5995,8.8835
1260,1261,3.2119999999999997,7.761,6.45
1261,1262,9.781,6.9335,3.132
1262,1263,5.17,4.96,0.32399999999999995
1263,1264,2.9975,3.9955,3.5855
1264,1265,6.632,4.9035,0.371
1265,1266,7.7515,10.219999999999999,7.080500000000001
1266,1267,7.1145,2.4524999999999997,8.1295
1267,1268,4.2330000000000005,5.2204999999999995,2.108
1268,1269,4.931,6.1155,9.906500000000001
1269,1270,0.8385,3.8145,6.534
1270,1271,6.7715,8.4215,4.072
1271,1272,2.9845,5.1805,3.7904999999999998
1272,1273,6.1655,5.792,8.389
1273,1274,6.3965,3.7455,1.7309999999999999
1274,1275,10.6365,7.8149999999999995,4.2330000000000005
1275,1276,2.9595000000000002,6.92,11.16249
1276,1277,4.304,7.0295,4.0195
1277,1278,1.471,9.030999999999999,5.1274999999999995
1278,1279,2.886,2.1975,1.3704999999999998
1279,1280,0.969,7.2755,6.989
1280,1281,11.081,7.491,9.2345
1281,1282,10.750499999999999,2.746,8.2095
1282,1283,2.1875,0.22299999999999998,10.9985
1283,1284,10.811499999999999,4.656000000000001,6.761
1284,1285,7.8795,3.026,9.11
1285,1286,7.5525,8.634,1.1405
1286,1287,6.8870000000000005,8.985,0.7304999999999999
1287,1288,7.5775,2.1985,5.593
1288,1289,8.9525,5.3705,4.346
1289,1290,8.3745,1.206,8.287500000000001
1290,1291,8.4585,3.9705000000000004,1.4585
1291,1292,1.072,7.757,4.135
1292,1293,6.351,6.317,4.22
1293,1294,7.895,7.5545,9.5915
1294,1295,8.869,0.007510000000000169,8.868
1295,1296,7.7165,3.7165,2.815
1296,1297,6.8445,0.4605,8.804
1297,1298,8.7915,6.753,2.9610000000000003
1298,1299,10.594000000000001,10.7995,3.3775000000000004
1299,1300,10.805499999999999,3.8145,8.699
1300,1301,1.136,2.527,1.5965
1301,1302,3.3970000000000002,11.030999999999999,5.7219999999999995
1302,1303,6.9125,6.344,7.323
1303,1304,10.818999999999999,8.9,0.22649999999999998
1304,1305,5.916,5.529,2.3555
1305,1306,3.6235,3.3685,3.2125
1306,1307,2.0625,5.32,4.6754999999999995
1307,1308,1.4705,11.16049,0.899
1308,1309,1.759,2.1799999999999997,3.629
1309,1310,6.662,2.804,5.7125
1310,1311,10.99,3.3865,11.017
1311,1312,9.630500000000001,6.481,10.9735
1312,1313,6.055,1.7275,2.8899999999999997
1313,1314,11.188500000000001,2.8274999999999997,7.218500000000001
1314,1315,7.3925,1.8900000000000001,8.161999999999999
1315,1316,1.8559999999999999,4.0760000000000005,0.3255
1316,1317,3.1245000000000003,8.620999999999999,5.5975
1317,1318,4.05,8.936,0.888
1318,1319,4.8225,0.33799999999999997,1.303
1319,1320,2.5789999999999997,3.7110000000000003,9.458
1320,1321,4.5305,3.088,6.1285
1321,1322,10.413499999999999,0.851,9.5305
1322,1323,3.879,0.7230000000000001,9.7335
1323,1324,6.694000000000001,7.4815000000000005,8.126000000000001
1324,1325,6.994,9.349,6.4455
1325,1326,1.8655,4.6835,9.1125
1326,1327,6.253,5.2885,3.7965
1327,1328,10.2715,5.352,2.16
1328,1329,3.277,5.013,10.129999999999999
1329,1330,0.7625,1.915,0.5495
1330,1331,7.5585,0.1815,0.719
1331,1332,8.3655,9.296,8.8265
1332,1333,8.5125,9.6375,0.33599999999999997
1333,1334,4.3025,0.5165,2.043
1334,1335,5.074999999999999,6.057499999999999,5.673
1335,1336,5.859999999999999,9.1115,6.077
1336,1337,5.196,5.439,8.887
1337,1338,4.816000000000001,0.9704999999999999,8.0045
1338,1339,4.5615000000000006,7.882,8.079
1339,1340,1.252,0.956,4.4445
1340,1341,0.8175,1.7690000000000001,7.448
1341,1342,5.759,6.2585,7.2275
1342,1343,0.194,1.932,10.2935
1343,1344,5.133,0.3355,3.3425000000000002
1344,1345,9.5265,2.692,0.5825
1345,1346,10.41,6.882,5.992
1346,1347,9.2835,7.4155,4.470000000000001
1347,1348,5.702,4.5755,9.28
1348,1349,1.4994999999999998,10.156500000000001,0.8355
1349,1350,10.836500000000001,10.552,8.15
1350,1351,9.368,5.5120000000000005,3.8235
1351,1352,11.15849,2.7685000000000004,4.1855
1352,1353,9.5475,1.8010000000000002,2.568
1353,1354,8.76,4.2415,7.4285
1354,1355,6.814,0.7689999999999999,5.0355
1355,1356,2.9085,1.6099999999999999,7.0945
1356,1357,7.4125,6.411,3.8475
1357,1358,9.839,7.393000000000001,0.1380099999999999
1358,1359,0.759,3.518,3.668
1359,1360,6.9079999999999995,10.786000000000001,6.996
1360,1361,0.7545,7.785,7.4445
1361,1362,2.507,4.9665,5.5135000000000005
1362,1363,4.598,10.336500000000001,7.5375
1363,1364,4.0265,8.0245,8.620000000000001
1364,1365,4.999,6.618,5.180999999999999
1365,1366,10.979,0.329,1.6785
1366,1367,5.2265,4.0885,3.8845
1367,1368,5.108499999999999,8.533,9.8445
1368,1369,1.979,10.827,3.125
1369,1370,2.6525,0.4465,11.119
1370,1371,4.436,4.5905000000000005,0.7995
1371,1372,4.5969999999999995,10.129,0.9265000000000001
1372,1373,9.01,8.3015,10.922
1373,1374,7.391,4.2379999999999995,8.797
1374,1375,3.2125,2.6995,4.335000000000001
1375,1376,4.876,8.992,4.5175
1376,1377,3.677,0.018509999999999804,1.172
1377,1378,7.207,4.199999999999999,6.8255
1378,1379,5.599,8.596499999999999,9.533999999999999
1379,1380,0.9255,10.5705,1.4595
1380,1381,4.0735,8.383,5.4435
1381,1382,11.04999,9.6955,3.1535
1382,1383,9.777000000000001,7.6365,5.176500000000001
1383,1384,9.91,11.16099,8.693
1384,1385,9.461500000000001,2.854,6.9030000000000005
1385,1386,10.059000000000001,8.941500000000001,5.351
1386,1387,9.622499999999999,1.7555,10.2055
1387,1388,9.452,5.8975,7.212999999999999
1388,1389,4.311999999999999,10.4605,0.522
1389,1390,6.708,1.7105000000000001,11.004
1390,1391,7.6305,10.8305,9.224499999999999
1391,1392,6.686999999999999,6.719,4.2875
1392,1393,7.833,5.3665,9.522
1393,1394,1.8935,0.39849999999999997,2.0995
1394,1395,0.4505,5.655,8.4485
1395,1396,7.3565,3.7755,7.0415
1396,1397,10.591999999999999,7.8675,0.717
1397,1398,9.438500000000001,9.590499999999999,8.746500000000001
1398,1399,6.3345,2.427,4.6114999999999995
1399,1400,6.8485,0.6345,5.498
1400,1401,5.779,0.367,7.295999999999999
1401,1402,7.949,0.9335,1.264
1402,1403,3.9625000000000004,3.149,0.154
1403,1404,1.3515000000000001,3.3555,7.3325
1404,1405,7.8185,8.1265,6.7235
1405,1406,5.8075,1.9849999999999999,4.8454999999999995
1406,1407,11.23049,5.0809999999999995,3.501
1407,1408,4.6735,1.4975,9.3895
1408,1409,2.225,7.8614999999999995,9.1195
1409,1410,11.149000000000001,6.7085,1.3225
1410,1411,5.6955,0.2555,0.925
1411,1412,3.4015,1.7025,2.1475
1412,1413,4.4079999999999995,2.1795,4.965
1413,1414,10.620999999999999,9.864999999999998,5.3675
1414,1415,0.8325,3.996,10.100999999999999
1415,1416,4.1585,9.8515,4.7375
1416,1417,5.338,11.1425,10.9625
1417,1418,5.474,3.9315,5.214
1418,1419,1.9945,2.1275,7.765000000000001
1419,1420,1.4315,2.9695,2.564
1420,1421,4.0945,1.071,9.7075
1421,1422,2.8529999999999998,9.811,7.0969999999999995
1422,1423,1.9905,0.08801000000000031,8.064
1423,1424,10.613,5.316000000000001,7.8165
1424,1425,1.206,8.304,9.633
1425,1426,8.057,0.8125,4.712
1426,1427,1.8675000000000002,11.24599,9.309000000000001
1427,1428,2.903,4.179,4.725
1428,1429,11.1905,7.605,6.3205
1429,1430,3.681,8.5825,2.302
1430,1431,1.5955,6.569,3.698
1431,1432,4.0495,7.386,3.6235
1432,1433,6.2620000000000005,10.0445,0.692
1433,1434,9.7165,3.9215,5.4485
1434,1435,8.788499999999999,0.5645,4.3925
1435,1436,2.8914999999999997,1.8399999999999999,8.374500000000001
1436,1437,7.221,1.8695,3.4995000000000003
1437,1438,3.3915,0.4225,10.574
1438,1439,2.322,4.766500000000001,7.6335
1439,1440,4.903499999999999,4.1475,5.8260000000000005
1440,1441,0.10200000000000001,9.0365,8.716
1441,1442,10.852,10.82,8.9085
1442,1443,5.5905,3.383,0.773
1443,1444,8.5125,0.34199999999999997,1.726
1444,1445,8.4775,3.341,5.552
1445,1446,9.3905,7.576499999999999,7.7405
1446,1447,4.605499999999999,2.637,9.315
1447,1448,5.68,7.0855,0.864
1448,1449,7.292,10.650500000000001,5.4375
1449,1450,0.0015100000000014546,8.14,2.5175
1450,1451,1.7885,5.565,2.847
1451,1452,9.818999999999999,2.5084999999999997,2.3845
1452,1453,8.8255,0.25649999999999995,5.6434999999999995
1453,1454,8.593,3.0605,0.538
1454,1455,3.825,4.757,5.867
1455,1456,5.515499999999999,10.0335,6.9155
1456,1457,4.4905,5.6195,4.0095
1457,1458,9.6025,10.8615,1.1235
1458,1459,3.1395,4.7940000000000005,0.5345
1459,1460,4.312,3.7584999999999997,3.5895
1460,1461,11.12499,9.978,0.044509999999999744
1461,1462,8.42,5.468,7.573
1462,1463,3.008,7.378,3.021
1463,1464,9.836,7.928,3.0055
1464,1465,7.249499999999999,2.5355,4.1865000000000006
1465,1466,10.1425,6.2315000000000005,6.577999999999999
1466,1467,7.122,7.8325,2.74
1467,1468,9.004,8.668,8.322
1468,1469,6.119,5.121,6.8919999999999995
1469,1470,3.1555,2.0835,0.8195
1470,1471,6.6005,1.1395,4.503
1471,1472,1.1219999999999999,10.216,4.994
1472,1473,10.7495,4.0965,2.8114999999999997
1473,1474,11.22149,10.2805,2.1285
1474,1475,3.3895,3.466,10.826
1475,1476,4.926500000000001,5.8545,8.722
1476,1477,1.2614999999999998,4.482,1.996
1477,1478,2.377,9.0425,8.073
1478,1479,8.572,9.268,11.053989999999999
1479,1480,5.2524999999999995,10.9445,10.2395
1480,1481,5.73,2.867,8.410499999999999
1481,1482,9.806000000000001,5.525,2.5605
1482,1483,7.636,6.981,7.5065
1483,1484,10.850000000000001,2.2755,9.7935
1484,1485,0.271,2.6100000000000003,2.2205000000000004
1485,1486,11.212489999999999,9.4395,9.253499999999999
1486,1487,1.109,0.95,9.0835
1487,1488,3.365,2.761,6.895
1488,1489,10.2245,4.134,9.4865
1489,1490,6.8025,8.5785,7.5335
1490,1491,1.0425,6.477,0.308
1491,1492,4.523,4.7989999999999995,3.4124999999999996
1492,1493,9.537500000000001,4.6495,10.822
1493,1494,9.4375,4.241,1.283
1494,1495,6.2275,4.1274999999999995,2.4505
1495,1496,4.6025,8.471,6.759
1496,1497,8.552,6.785,8.629000000000001
1497,1498,8.6045,0.9359999999999999,7.0845
1498,1499,5.2595,0.5265,11.24649
1499,1500,5.9295,10.451,3.1814999999999998
1500,1501,0.21150000000000002,5.7829999999999995,1.2770000000000001
