1,2
1,4
1,18
1,359
1,847
2,3
2,4
2,18
2,127
2,780
2,984
3,147
3,258
3,1014
4,226
4,1206
4,1330
5,443
5,760
5,1355
6,302
6,436
6,606
6,664
6,1358
7,70
7,711
8,131
8,346
8,700
8,759
8,1219
8,1261
9,558
9,591
9,711
9,845
9,986
9,1172
9,1490
10,125
10,418
10,587
10,1153
11,73
11,1043
11,1064
11,1067
11,1183
12,317
12,989
12,1126
12,1178
12,1357
13,571
13,813
13,992
14,62
14,524
14,542
14,873
14,922
14,977
14,1167
15,788
15,968
15,1140
15,1163
16,79
16,103
16,767
16,1006
17,168
17,186
17,328
17,399
17,599
17,1116
18,127
18,231
18,610
19,46
19,612
19,1107
19,1304
20,148
20,547
20,739
20,795
20,914
20,937
20,1288
21,339
21,1179
21,1395
21,1466
22,195
22,327
22,833
22,1295
23,373
23,801
23,881
23,931
24,108
24,901
24,1193
24,1349
25,243
25,1167
25,1278
25,1472
26,1399
27,33
27,511
27,796
28,45
28,229
28,347
28,706
28,1112
28,1117
29,199
29,306
29,1123
29,1462
30,118
30,299
30,598
30,1124
31,272
31,708
31,1242
31,1434
31,1445
32,486
32,1054
32,1090
32,1334
33,387
33,511
33,580
34,240
35,92
35,129
35,145
35,1254
35,1373
36,224
36,536
36,809
36,1188
36,1335
36,1440
37,662
37,686
37,908
38,228
38,840
38,1297
39,422
39,651
39,831
39,963
39,1032
39,1228
39,1286
40,101
40,168
40,1160
40,1415
41,1089
42,337
42,663
42,841
42,978
42,1131
42,1141
43,457
43,668
43,721
43,824
43,1220
43,1318
44,51
44,420
44,565
44,685
44,963
45,194
45,229
45,404
45,985
45,1190
45,1307
46,293
46,386
46,521
46,579
46,596
46,969
46,1254
46,1304
47,228
47,748
47,929
47,1058
47,1068
48,50
48,135
48,624
48,1144
48,1154
48,1331
48,1402
48,1458
49,217
49,339
49,767
49,1259
49,1284
49,1300
50,839
50,1331
51,369
51,786
51,1241
52,276
52,443
52,481
52,990
53,603
53,833
53,1122
54,261
54,517
54,529
54,650
54,986
54,1136
54,1336
54,1490
55,210
55,790
55,847
55,886
55,1057
55,1206
55,1330
56,141
56,209
56,211
56,385
56,391
56,690
57,1139
57,1259
57,1484
58,125
58,324
58,516
58,553
58,1218
59,144
59,424
59,439
59,1388
59,1393
59,1497
60,254
60,420
60,846
60,903
60,919
61,301
61,486
61,638
61,956
61,1256
62,524
62,542
62,770
62,1162
62,1167
62,1472
63,920
64,71
64,165
64,278
64,341
64,693
64,911
64,1253
65,97
65,200
65,566
65,1066
65,1123
65,1289
65,1351
66,67
66,87
66,1338
67,329
67,428
67,644
67,1321
68,1214
69,332
69,418
69,971
69,1095
69,1162
70,760
70,1080
70,1227
70,1401
70,1456
71,83
71,165
71,1002
71,1064
71,1183
72,618
72,625
72,775
72,1059
72,1128
72,1276
73,712
73,727
73,1271
74,392
74,944
74,1457
74,1492
75,350
75,503
75,902
75,927
75,957
75,1137
76,415
76,655
76,978
76,1329
76,1403
77,394
77,724
77,774
78,152
78,344
78,538
78,912
78,1293
78,1392
79,174
79,289
79,594
79,691
79,1322
80,173
80,216
80,1170
80,1365
80,1457
81,126
81,285
81,424
81,1021
81,1393
82,546
82,823
82,1060
82,1262
82,1397
82,1464
83,117
83,652
83,839
83,1183
83,1287
83,1433
84,111
84,271
84,822
84,972
84,1145
84,1348
85,368
85,510
85,576
85,615
85,1309
85,1359
86,932
86,1207
86,1316
86,1501
87,750
87,817
87,863
88,131
88,224
88,346
88,759
88,991
88,1114
88,1132
88,1362
89,203
90,455
90,881
90,890
90,1024
90,1036
91,227
91,413
91,631
91,996
92,162
92,403
92,591
92,1172
92,1254
92,1468
93,230
93,483
93,562
93,622
93,715
93,764
93,982
93,1118
94,498
94,664
94,705
94,989
95,203
95,631
95,875
95,1296
95,1465
96,571
96,613
96,820
96,849
96,1303
96,1483
97,708
97,946
97,954
97,1123
98,151
98,170
98,858
98,930
98,1244
98,1364
99,247
99,396
99,808
99,825
99,1198
99,1279
99,1301
99,1420
100,552
100,838
100,1414
101,601
101,610
101,879
101,1343
101,1487
102,293
102,718
102,1245
103,140
103,477
103,551
103,1315
104,184
104,334
104,427
104,694
105,410
105,510
105,576
105,597
105,1359
106,118
106,304
106,1196
107,173
107,197
107,394
107,698
107,1217
107,1305
108,747
108,850
108,969
108,1461
109,435
109,1323
109,1421
109,1499
110,490
110,896
111,191
111,495
111,646
111,1157
111,1260
112,252
112,370
112,1065
112,1496
113,467
113,533
113,548
113,552
113,641
113,837
114,270
114,374
114,627
114,1093
115,232
115,928
115,1040
115,1199
115,1437
116,909
116,935
116,1312
117,135
118,489
118,715
118,904
118,1124
119,259
119,476
119,964
120,216
120,330
120,514
120,1234
120,1432
121,276
121,481
121,587
121,633
121,761
121,1047
122,779
123,265
123,290
123,1098
124,136
124,921
124,950
125,266
125,1012
125,1292
126,472
126,1101
126,1303
127,274
127,718
127,1013
127,1181
127,1245
128,321
128,944
128,1457
128,1492
129,531
129,832
129,867
129,1250
129,1373
130,151
130,277
130,650
130,653
130,948
130,974
130,1219
130,1339
130,1496
131,262
131,346
131,465
131,700
131,1225
131,1439
132,270
132,328
132,627
133,452
133,811
133,844
133,1270
134,763
134,855
134,880
134,1280
134,1361
135,325
135,578
135,939
135,1154
135,1444
136,620
136,744
136,1105
137,232
137,485
137,543
137,632
137,1199
137,1353
137,1452
138,317
138,546
138,742
138,1298
138,1347
139,215
139,294
139,481
139,1231
140,1006
140,1177
140,1285
141,671
141,711
141,1266
141,1391
142,144
142,290
142,575
142,1120
142,1259
142,1300
142,1489
143,376
143,823
143,1228
143,1358
143,1397
144,290
144,1120
144,1125
144,1255
144,1388
144,1424
145,246
145,373
145,439
145,931
145,970
146,648
146,657
146,1491
146,1501
147,704
147,718
147,1366
147,1458
148,1121
149,233
149,1317
151,233
151,1219
151,1244
151,1339
152,768
152,806
152,1029
152,1293
152,1327
153,309
153,430
153,461
153,995
153,1001
153,1110
153,1355
153,1500
154,264
154,903
154,1215
155,958
155,997
155,1287
155,1333
156,198
156,338
156,676
156,828
156,1327
156,1495
157,429
157,639
157,828
157,1306
157,1460
157,1492
158,582
158,1187
159,1040
160,752
160,874
160,1201
160,1203
160,1410
161,440
161,595
162,426
162,579
162,596
162,1254
162,1332
162,1479
163,220
163,382
163,1034
163,1346
164,1249
164,1283
164,1427
165,241
165,652
165,723
165,911
165,1253
166,187
166,571
166,820
166,893
166,1071
166,1205
166,1405
167,193
167,555
167,815
167,1257
168,328
168,635
168,953
168,1236
168,1326
168,1415
169,351
169,371
169,375
169,567
169,773
169,1377
169,1470
170,374
170,625
170,1364
170,1409
171,217
171,797
171,851
171,961
171,1099
171,1314
172,641
172,893
172,1172
173,198
173,321
173,1126
173,1305
174,522
174,1037
174,1161
174,1177
175,322
175,762
175,1140
175,1291
176,506
176,851
176,1109
176,1159
177,568
177,683
177,720
177,955
178,260
178,401
178,531
178,558
178,591
178,748
178,1042
178,1238
179,583
179,609
179,639
179,1264
179,1306
179,1375
179,1460
180,266
180,657
180,694
180,765
180,1012
180,1203
182,287
182,374
182,810
182,861
182,1361
183,573
183,1445
184,629
184,765
185,240
185,589
185,933
185,1147
185,1297
185,1390
186,328
186,599
186,627
186,1093
186,1135
186,1230
186,1232
186,1248
187,451
187,571
187,726
187,1205
187,1405
188,438
188,876
188,934
188,1081
188,1332
188,1398
189,345
189,406
189,499
189,774
189,825
189,1451
189,1477
190,453
190,586
190,601
190,879
190,1282
190,1487
191,450
191,495
191,722
191,793
191,1260
191,1481
192,747
192,943
192,1088
192,1175
192,1204
193,725
193,815
193,988
193,990
193,1257
193,1302
193,1422
194,404
194,1148
194,1307
194,1407
195,231
195,998
195,1037
196,289
196,358
196,515
196,658
196,1223
197,198
197,640
198,242
198,640
198,1305
199,272
199,924
199,1354
199,1378
199,1462
200,284
200,361
200,549
201,355
201,475
201,946
201,954
201,1066
201,1289
202,223
202,680
202,981
202,1242
202,1426
202,1453
203,634
204,409
204,656
204,1027
204,1075
204,1321
204,1428
204,1488
205,484
205,586
205,601
205,965
205,966
205,1087
205,1404
205,1419
206,1148
206,1191
206,1240
206,1307
207,372
207,625
207,754
207,921
207,1239
207,1364
208,370
208,480
208,1134
208,1365
208,1376
208,1381
209,574
209,690
209,739
209,1113
210,732
210,847
210,886
211,779
211,1391
212,312
212,798
212,944
212,1082
212,1114
212,1272
212,1457
213,236
213,358
213,589
213,672
213,1285
214,344
214,536
214,669
214,1303
214,1335
214,1469
215,255
215,294
215,491
215,1170
215,1261
216,1115
216,1126
216,1234
217,306
217,575
217,961
218,394
218,457
218,1115
218,1432
219,274
219,513
219,539
219,624
219,1070
219,1202
220,310
220,382
220,1179
220,1281
221,493
221,670
221,1085
221,1099
221,1434
222,730
222,878
222,984
222,1084
222,1311
222,1343
223,474
223,522
223,680
223,1242
224,262
224,312
224,895
225,271
225,402
225,415
225,454
225,560
225,883
226,704
226,1031
226,1206
227,413
227,462
227,638
227,639
227,772
227,1413
228,385
228,1058
228,1456
229,572
229,706
229,994
230,281
230,562
230,715
230,827
230,1118
230,1124
230,1402
232,1173
233,988
233,990
233,1317
234,235
234,441
234,477
234,870
234,1121
234,1209
234,1255
234,1354
234,1374
235,314
235,559
235,1209
235,1267
235,1374
236,358
236,515
236,594
236,672
236,1144
236,1387
237,524
237,532
237,838
237,1414
238,348
238,763
238,858
238,960
238,1050
238,1231
238,1257
239,495
239,841
239,957
239,1436
240,915
240,1147
240,1499
241,482
241,652
241,723
242,806
242,1305
242,1327
242,1495
243,378
243,555
243,815
243,1047
243,1472
244,610
245,335
245,653
245,917
245,1005
246,373
246,521
246,1312
246,1373
247,292
247,359
247,471
247,1279
247,1301
247,1394
248,959
249,799
250,287
250,599
250,602
250,861
252,309
252,370
252,686
252,975
252,1001
252,1416
253,482
253,514
253,727
253,1032
253,1217
254,311
254,372
254,569
254,910
255,294
255,491
255,600
255,1170
255,1277
255,1463
256,687
256,792
256,820
256,1026
256,1205
256,1347
256,1357
257,590
257,617
257,781
257,962
257,1200
258,570
258,1014
259,485
259,717
260,529
260,558
260,591
260,923
260,1490
261,384
261,529
261,1023
261,1222
262,335
262,991
262,1225
263,858
263,1239
263,1478
264,701
264,707
264,1215
264,1276
265,448
265,696
265,1098
265,1125
266,316
266,694
266,1012
266,1292
267,437
267,438
267,838
267,860
267,1073
268,468
268,586
268,1079
268,1419
268,1423
269,607
269,640
269,1151
269,1263
269,1268
269,1371
270,733
270,810
271,308
271,402
271,454
271,560
271,972
271,1476
272,538
272,757
272,914
272,1354
272,1445
273,454
273,465
273,679
273,951
274,718
275,467
275,533
275,548
275,641
275,1205
275,1325
276,466
276,481
276,616
276,633
276,1129
276,1416
277,346
277,1219
277,1496
278,693
278,1319
278,1372
278,1389
278,1411
278,1433
279,582
279,771
279,818
279,1176
279,1486
280,361
280,632
280,1164
280,1352
280,1452
280,1473
282,747
282,1176
282,1204
283,621
283,1227
283,1302
284,566
284,797
284,1109
285,835
285,972
285,1021
285,1184
285,1209
286,495
286,646
286,841
286,965
286,978
287,602
287,759
287,891
287,930
287,1280
288,559
288,1209
289,594
289,1177
290,696
290,794
290,1120
290,1125
290,1489
291,449
291,584
291,1213
292,527
292,790
292,791
292,886
292,1309
292,1420
293,745
293,1304
294,481
294,600
294,761
294,1047
294,1463
295,324
295,459
295,460
295,623
295,1008
295,1149
295,1152
295,1349
296,1319
296,1389
297,298
297,821
297,827
297,1471
298,827
299,322
299,562
299,598
299,695
300,403
300,923
300,1018
300,1021
300,1294
300,1324
301,486
301,819
301,1412
302,436
302,1155
302,1328
302,1358
302,1410
302,1482
303,468
303,816
303,1087
303,1341
304,562
304,800
304,892
304,1196
304,1274
305,432
305,614
305,826
305,1164
305,1473
305,1494
306,1354
306,1385
307,887
307,1264
307,1306
308,1158
309,461
309,482
309,710
309,1271
310,893
311,372
311,910
311,1105
311,1239
312,491
312,809
312,895
312,1114
312,1365
312,1457
313,884
313,1000
313,1053
314,496
314,559
314,588
314,739
315,1258
315,1299
315,1382
316,418
316,777
316,1096
317,520
317,1178
317,1298
318,869
318,1130
318,1346
318,1383
318,1386
318,1429
319,759
319,872
319,994
319,1091
319,1100
319,1237
319,1280
319,1317
320,675
320,799
320,821
320,1288
320,1471
321,1126
321,1293
321,1327
321,1367
321,1492
322,562
322,672
322,892
322,1072
322,1454
323,404
323,798
323,985
323,994
323,1114
323,1431
324,657
324,784
324,901
324,1012
324,1169
324,1218
325,578
325,939
325,1062
325,1299
326,387
326,399
326,445
326,537
326,1087
326,1404
327,474
327,1037
328,627
328,1236
329,1436
330,945
331,575
331,729
331,961
331,1085
331,1123
332,525
332,979
332,1299
333,529
333,974
333,1005
333,1028
333,1379
334,642
334,855
334,1104
334,1237
335,465
335,669
335,822
335,917
336,754
336,775
336,903
336,1086
336,1215
337,663
337,1131
338,676
338,768
338,912
338,1327
338,1367
339,1395
340,893
340,1018
340,1074
340,1405
340,1446
340,1497
343,717
343,977
343,1159
344,536
344,613
344,924
344,1335
345,1203
346,895
346,1219
346,1261
347,1130
347,1143
347,1346
348,858
348,872
348,1091
348,1244
348,1257
349,759
349,891
349,985
349,1114
349,1280
350,957
350,1079
350,1436
351,568
351,713
351,1004
352,736
352,741
352,837
352,1110
353,448
353,665
353,781
353,1098
354,413
354,740
354,900
354,1406
354,1413
355,729
355,820
355,849
355,946
355,992
356,580
356,776
356,1341
357,428
357,540
357,595
357,1103
357,1150
357,1214
357,1256
358,515
358,589
358,1390
359,471
359,787
359,1330
359,1370
360,1198
360,1403
360,1470
360,1475
362,413
362,643
362,740
362,875
362,1174
362,1399
362,1418
363,1066
363,1089
363,1130
363,1275
363,1383
364,758
364,1064
364,1444
365,593
365,674
365,1020
365,1113
366,904
366,1331
367,473
367,606
367,651
367,963
367,1235
368,417
368,511
368,526
369,830
369,963
370,480
370,975
370,1165
371,375
371,568
371,713
371,904
372,666
372,846
372,868
372,919
372,1238
372,1368
372,1379
373,1250
373,1373
374,930
374,1050
374,1093
375,684
375,1334
375,1377
375,1470
376,414
376,416
376,1060
376,1197
376,1228
376,1397
377,501
377,991
377,1132
377,1225
377,1240
378,592
378,1047
378,1095
378,1472
379,542
379,1382
380,464
380,512
380,766
380,1098
381,685
381,1028
381,1185
381,1250
382,1429
383,462
383,925
383,996
384,451
384,653
384,895
384,917
384,1017
384,1065
384,1335
385,840
385,1058
385,1401
386,579
386,596
386,604
386,617
386,853
386,1107
387,1270
388,534
388,786
388,1036
388,1072
388,1241
389,577
389,739
389,1212
389,1288
389,1310
390,1150
390,1251
391,739
391,833
391,1122
391,1212
391,1290
391,1315
392,724
393,742
393,1464
394,457
394,698
394,1115
395,475
395,726
395,820
395,1127
395,1392
396,499
396,825
396,938
396,1003
396,1198
397,732
397,1162
397,1251
397,1340
398,768
398,1174
398,1418
399,599
399,811
400,426
400,678
400,804
400,867
401,626
401,832
401,958
401,967
401,1238
402,415
402,556
402,560
402,1131
402,1142
402,1329
403,591
403,923
403,1018
403,1294
403,1497
404,523
404,1307
405,460
405,557
405,699
405,1152
406,605
406,755
406,938
406,1049
406,1264
406,1272
406,1451
407,694
407,745
407,777
407,1051
407,1193
408,685
408,856
408,1028
408,1092
408,1337
409,944
409,1027
409,1460
410,1359
411,449
411,479
411,1169
411,1213
411,1218
412,526
412,540
412,1075
412,1340
413,740
413,1406
413,1413
414,546
415,888
415,1329
415,1459
416,541
416,997
416,1286
417,1359
418,971
418,1095
418,1474
419,532
419,770
419,877
419,1429
420,919
420,1022
420,1086
420,1368
420,1448
421,569
421,666
421,1105
423,1234
425,470
425,548
425,681
425,869
425,1275
426,738
426,804
426,1332
426,1398
427,592
427,1096
427,1278
427,1292
428,540
428,644
428,1103
428,1256
429,1115
430,1355
431,1019
431,1027
431,1119
431,1321
431,1413
431,1440
432,897
433,944
434,712
434,726
434,727
434,1026
434,1178
435,817
435,1020
435,1137
435,1323
436,648
436,935
436,1007
436,1163
436,1312
436,1358
437,838
437,860
438,838
438,876
438,1350
438,1384
439,696
439,781
439,898
439,970
440,585
440,894
440,1471
441,1255
441,1378
442,520
442,806
442,954
442,1246
442,1289
443,595
443,649
443,988
443,1001
443,1416
444,536
444,538
444,1019
444,1211
444,1310
444,1396
444,1418
444,1469
445,879
445,1282
446,714
446,816
446,857
446,1011
446,1033
446,1192
446,1340
447,794
447,1224
447,1489
448,637
448,1098
448,1395
449,479
449,721
449,1151
450,495
450,674
450,1481
451,613
451,1017
451,1303
451,1335
452,501
452,942
452,1075
452,1240
452,1404
453,586
453,807
454,528
454,883
454,1142
454,1329
455,464
455,692
455,909
456,1053
456,1083
456,1274
456,1495
457,1430
458,626
458,958
458,967
459,460
459,824
459,1008
459,1102
459,1318
460,516
460,633
460,699
460,908
461,467
461,533
461,710
461,837
461,975
462,996
463,590
463,648
463,734
463,980
463,1035
464,672
464,692
464,766
464,1224
464,1345
465,679
465,716
465,1476
466,481
466,616
466,661
466,662
467,533
467,836
468,507
468,1079
468,1103
468,1192
469,702
469,976
469,1189
469,1316
469,1491
470,983
470,1414
471,567
471,684
471,1370
472,1324
473,1265
474,680
474,1453
475,613
475,820
475,946
475,1357
475,1392
476,680
476,1159
476,1173
477,794
477,1120
477,1374
478,532
478,667
478,960
478,1016
479,702
479,1151
479,1189
480,1069
480,1134
481,1047
482,514
482,727
482,1044
482,1165
483,622
483,631
483,821
483,982
483,1437
484,907
484,965
485,1057
485,1202
485,1353
485,1366
486,684
486,1090
486,1251
486,1334
489,1313
490,497
490,1279
491,1114
491,1170
491,1261
491,1365
491,1381
492,660
492,691
492,1037
492,1046
492,1322
493,566
493,670
494,755
494,844
494,1148
494,1428
495,646
495,1168
495,1436
496,739
496,743
496,795
496,940
496,1119
497,978
497,1055
497,1141
498,999
498,1007
498,1246
498,1291
498,1296
499,774
499,1189
499,1264
500,1207
500,1477
501,907
501,1488
502,620
502,666
502,748
502,840
502,1068
502,1417
503,659
503,1423
503,1487
504,747
504,1204
505,1220
505,1287
505,1433
507,863
507,1103
508,692
508,1024
508,1374
509,547
509,1449
509,1498
510,790
510,1420
511,580
511,816
511,857
511,1233
512,766
512,788
512,1098
513,539
513,878
513,897
513,947
513,1202
514,911
514,1253
515,1144
516,1102
516,1213
516,1430
517,529
517,929
517,974
517,1056
517,1490
518,1349
519,782
519,1054
519,1377
520,806
520,1076
520,1289
520,1357
521,970
521,1197
521,1304
521,1373
521,1479
522,551
522,937
522,1242
524,532
524,709
524,770
524,1414
525,1057
525,1062
525,1210
525,1299
527,583
527,791
527,1309
529,1023
529,1222
529,1324
529,1490
530,549
530,634
530,852
530,905
531,1028
532,877
533,548
533,792
533,1063
534,550
534,556
534,663
534,1147
535,744
535,960
535,1016
535,1257
535,1422
536,1019
536,1188
536,1418
536,1469
537,879
537,1415
538,946
538,954
539,897
539,1118
540,1075
540,1150
540,1256
541,546
541,952
541,1180
542,922
543,632
543,1352
544,561
544,660
544,730
544,878
544,1224
544,1484
545,793
545,907
545,1108
545,1157
545,1168
545,1488
546,742
546,1039
546,1464
547,675
547,1040
547,1288
548,641
548,792
548,869
549,802
549,805
549,1010
549,1111
549,1351
550,593
550,835
550,866
550,890
550,1036
550,1147
550,1226
551,937
551,1385
552,736
552,741
552,1073
552,1414
553,761
553,1153
553,1218
553,1430
553,1463
554,1296
555,667
555,714
555,918
555,926
555,1025
555,1167
555,1257
556,647
556,1260
556,1348
556,1447
557,785
557,1253
557,1318
557,1372
558,591
558,845
558,1042
558,1490
559,563
559,588
559,795
559,1211
560,1241
561,1006
562,598
562,715
562,764
562,800
562,1118
563,793
563,1030
563,1188
563,1211
564,865
564,1189
564,1218
565,789
566,1123
567,1370
567,1377
567,1470
568,713
568,904
568,955
568,1004
569,666
570,1014
570,1051
570,1193
570,1461
571,820
571,849
571,1222
571,1405
571,1483
572,600
572,1237
572,1292
573,632
573,634
573,728
573,1296
574,739
574,743
574,750
574,940
574,993
575,1120
575,1259
575,1424
576,886
576,1011
576,1171
577,993
577,1288
578,885
578,1229
578,1444
579,596
579,604
579,853
579,1398
580,797
580,857
580,1011
580,1233
581,867
581,1479
582,763
582,818
582,960
582,1050
583,638
583,772
583,819
583,862
583,1306
584,1149
585,1400
585,1406
585,1471
586,601
586,1341
586,1423
587,699
587,1095
587,1153
588,593
588,647
588,835
588,866
588,1481
589,690
589,1226
590,612
590,781
590,970
591,845
591,1332
592,642
592,682
592,1047
592,1095
592,1096
592,1278
593,866
593,1147
594,660
594,1322
595,956
595,1214
596,604
596,617
596,1200
596,1468
597,703
598,1118
598,1454
599,811
599,1248
599,1326
600,994
601,879
601,916
601,927
601,966
601,1487
602,700
602,759
602,1135
602,1439
603,1122
604,617
604,1398
604,1441
604,1442
605,1477
606,664
606,871
606,1228
607,698
607,789
607,1263
608,808
608,1003
608,1198
608,1403
608,1475
609,656
609,1027
609,1413
609,1460
610,611
610,1046
610,1487
611,902
611,927
611,1055
612,1107
613,849
613,924
614,1010
614,1163
614,1328
615,862
615,1049
616,633
616,662
616,859
617,1107
617,1281
617,1441
618,733
618,906
618,1175
619,777
619,977
619,1096
619,1299
619,1474
620,744
620,868
620,950
620,1068
621,650
621,948
621,988
621,1456
622,799
622,821
622,1199
623,699
623,901
624,1144
624,1202
624,1458
625,673
625,679
625,716
625,775
625,1364
626,658
626,779
626,958
626,967
627,636
627,848
627,1093
627,1128
628,733
628,1175
629,769
629,865
629,1203
629,1431
630,771
630,1050
630,1204
631,676
631,875
632,728
632,1133
632,1199
633,761
633,1153
633,1430
634,1109
635,976
636,701
636,848
636,951
636,1182
637,1300
638,772
638,819
638,925
639,683
639,828
639,1174
640,1053
641,1034
641,1071
641,1081
642,1096
642,1278
643,740
643,1019
643,1119
643,1310
643,1399
644,942
645,897
645,1084
645,1485
646,841
646,1142
646,1157
646,1447
647,835
647,1260
647,1481
648,788
648,935
648,1035
648,1163
649,650
649,1336
649,1456
650,948
650,1056
650,1496
651,945
651,1000
651,1032
652,723
652,1146
652,1287
653,917
653,974
653,1023
654,1102
654,1430
655,896
656,772
656,1075
656,1375
656,1413
657,752
657,784
657,1012
657,1193
657,1410
657,1491
658,839
659,807
660,780
660,878
660,1387
661,662
661,725
661,815
662,859
662,1344
663,915
663,1061
663,1131
664,1007
664,1235
665,781
665,962
665,1094
666,846
666,868
666,1389
666,1417
667,860
667,1167
668,698
668,721
668,1217
669,793
669,917
669,1145
669,1188
669,1335
670,1099
671,934
671,1384
671,1391
672,692
672,890
673,716
673,754
673,775
673,883
673,1276
674,957
674,1020
674,1045
674,1113
675,1040
675,1288
675,1426
676,1174
676,1274
677,737
677,1048
677,1081
677,1187
677,1350
677,1398
677,1468
678,804
678,839
678,1245
679,716
679,1128
679,1135
679,1364
680,851
680,1173
681,1347
682,977
682,1095
682,1096
682,1472
683,819
683,887
684,1247
684,1412
684,1470
685,987
685,1269
686,1165
686,1416
687,792
687,992
687,1071
687,1130
687,1347
688,1207
689,945
689,1305
690,1290
690,1297
690,1315
691,1484
692,890
692,1224
692,1285
693,1002
693,1319
693,1344
693,1411
694,752
696,898
696,1078
696,1125
697,1014
697,1197
697,1333
698,721
698,1000
698,1217
699,812
699,1369
700,1091
700,1135
701,906
701,1182
702,888
703,897
703,1057
704,847
704,1206
705,842
705,989
705,999
705,1246
706,880
706,1346
707,883
707,1158
707,1215
707,1459
708,1434
708,1445
709,922
710,995
710,1067
710,1229
711,986
711,1172
711,1266
711,1325
712,952
712,1467
713,904
713,1004
714,1025
714,1192
715,821
715,827
715,1124
716,1364
717,882
717,1159
717,1352
718,1458
719,742
719,952
719,1039
719,1229
720,1313
722,843
722,1030
722,1338
723,1220
724,769
724,865
724,1082
724,1463
725,1302
725,1416
726,975
726,1017
726,1069
727,945
727,952
727,1467
728,762
728,1118
728,1133
728,1353
729,849
729,992
729,1085
729,1123
729,1388
729,1466
730,766
730,1139
730,1484
731,1235
732,886
732,1251
732,1394
733,848
733,906
734,889
734,980
734,1358
734,1410
735,907
735,1157
735,1248
736,741
736,803
736,922
737,763
737,1187
738,867
738,1042
738,1391
739,1212
740,1413
741,876
741,1266
742,1039
742,1229
742,1464
743,1030
743,1097
744,950
744,1058
744,1363
745,777
745,1051
746,1015
746,1053
746,1131
746,1371
746,1459
747,771
747,850
747,969
747,1156
747,1204
748,929
748,1042
748,1238
749,1125
749,1284
749,1388
749,1424
749,1466
750,1097
751,784
751,1149
752,823
752,1410
753,774
753,1371
754,1339
754,1364
755,1148
755,1264
755,1272
756,1197
757,914
757,1310
757,1445
757,1465
758,1002
758,1064
758,1411
759,1132
760,1355
761,1430
761,1463
762,1133
762,1140
762,1454
762,1494
763,960
763,1187
763,1361
764,892
764,1083
764,1291
764,1296
766,1345
767,941
767,1161
767,1259
767,1385
768,875
768,912
768,1029
768,1418
769,1431
769,1463
771,810
771,1156
772,778
772,1256
772,1375
772,1413
773,1377
773,1438
774,865
774,1052
774,1189
774,1272
775,903
775,910
775,1276
776,857
776,873
776,1038
778,1309
779,1042
780,984
780,1046
781,935
781,1200
782,1105
782,1370
782,1438
783,1262
783,1482
784,1149
785,1319
786,1036
786,1184
786,1348
787,808
787,959
787,1301
787,1330
788,1035
788,1493
789,1263
790,1301
791,938
791,1279
792,836
792,1221
793,822
793,1188
793,1260
794,1006
794,1285
794,1374
794,1489
795,914
795,1310
795,1396
796,1087
796,1404
797,1352
798,1272
798,1307
798,1431
799,821
799,1437
800,892
800,1196
800,1443
801,1185
801,1250
802,1473
802,1494
803,983
803,995
803,1063
803,1210
803,1229
804,1384
804,1442
805,874
805,1201
806,1126
806,1246
806,1327
807,1013
808,1301
809,1127
809,1335
809,1365
811,1117
811,1252
812,859
812,1369
813,992
813,1179
813,1466
815,973
815,1150
815,1208
815,1472
816,942
816,1075
816,1192
817,1020
817,1137
817,1338
818,1016
818,1249
819,1334
819,1412
820,1205
821,827
821,982
821,1437
821,1471
822,1157
822,1476
823,1397
823,1410
824,1318
825,1003
825,1316
825,1420
825,1477
826,1010
826,1164
828,887
828,1306
829,966
829,1252
829,1404
830,999
831,1032
831,1217
832,867
832,1022
833,1290
833,1498
834,1143
834,1201
834,1275
834,1464
835,1348
836,1221
836,1271
837,1266
837,1325
838,876
839,1064
839,1154
839,1333
840,1042
840,1058
841,1055
841,1141
841,1421
842,999
842,1083
842,1246
843,1030
843,1108
844,1148
844,1240
845,934
845,1391
846,967
846,1238
846,1417
847,1206
847,1247
847,1330
849,992
849,1462
850,1461
851,1161
851,1233
852,1076
852,1289
852,1351
854,1407
854,1477
855,872
856,1005
856,1086
856,1379
857,873
858,1091
858,1244
863,1079
865,1203
865,1431
865,1451
866,1267
866,1374
867,958
867,997
867,1333
867,1479
868,921
868,1068
869,1071
869,1383
870,1101
870,1469
872,877
872,1231
872,1237
874,1201
875,1029
875,1174
875,1399
875,1465
876,1266
878,1070
878,1084
879,1186
879,1282
879,1343
880,1112
881,898
881,909
881,1184
881,1265
882,979
882,1057
882,1171
883,1158
883,1182
883,1276
884,1263
885,1041
885,1067
885,1210
885,1229
885,1258
886,1171
886,1309
887,1015
887,1052
887,1306
888,1003
888,1182
888,1459
889,1397
890,1072
890,1226
892,1265
892,1291
894,956
894,1256
895,917
895,1335
896,916
897,1452
898,931
898,1393
899,1219
901,1012
901,1051
901,1193
901,1349
902,927
902,936
902,1323
903,1215
904,1196
907,1157
907,1225
911,1044
912,1293
912,1367
913,1160
913,1186
913,1311
914,1445
915,1061
915,1147
915,1499
916,927
916,965
916,966
916,1320
917,1335
917,1342
918,1025
918,1079
918,1423
919,1238
919,1379
920,971
920,1474
921,950
921,1056
921,1239
921,1339
921,1379
922,1210
923,1018
923,1222
923,1324
923,1483
924,946
924,1378
924,1462
926,1167
926,1208
926,1472
927,1055
927,1487
929,974
929,1238
929,1379
931,1294
931,1393
932,980
932,1236
934,1384
934,1391
935,1078
935,1312
936,1137
937,981
937,1242
937,1315
939,1154
939,1180
939,1333
940,1113
940,1338
941,1314
942,1356
942,1404
942,1419
943,1204
943,1283
944,991
944,1428
944,1457
947,1070
947,1140
947,1454
948,950
948,1244
948,1422
950,1056
951,1128
951,1232
951,1276
952,1146
952,1286
952,1467
953,1415
954,1029
954,1289
955,1015
956,1256
957,1061
957,1137
957,1421
957,1436
959,1301
961,1099
961,1117
961,1284
962,1281
963,1000
964,1173
966,1326
967,1238
967,1433
968,1138
968,1493
969,1486
971,1095
972,1184
972,1241
972,1348
973,1369
974,1056
974,1339
974,1379
975,1136
975,1336
976,1160
976,1236
977,1299
978,1055
979,1057
979,1366
979,1380
980,1410
983,1258
983,1414
984,1046
985,1362
986,1325
986,1405
986,1490
987,1215
987,1448
988,990
988,1302
988,1422
989,1076
989,1235
989,1298
991,1240
991,1362
991,1428
991,1455
992,1071
992,1130
993,1097
993,1212
994,1114
994,1237
995,1110
996,1313
996,1399
996,1406
996,1471
998,1223
998,1295
998,1322
999,1083
999,1265
999,1291
1001,1080
1002,1411
1003,1189
1003,1198
1003,1316
1004,1196
1004,1443
1005,1023
1005,1273
1005,1324
1007,1494
1008,1149
1008,1152
1009,1090
1009,1334
1010,1111
1010,1328
1011,1171
1011,1309
1011,1340
1012,1169
1013,1176
1013,1486
1014,1461
1015,1198
1015,1279
1015,1371
1016,1427
1017,1222
1017,1303
1018,1074
1018,1497
1019,1119
1019,1188
1019,1211
1019,1310
1019,1440
1020,1045
1020,1408
1020,1480
1021,1185
1021,1337
1022,1250
1022,1448
1023,1222
1023,1303
1023,1324
1024,1255
1024,1374
1024,1393
1025,1341
1026,1357
1027,1108
1027,1321
1027,1440
1027,1455
1028,1086
1028,1324
1029,1445
1029,1465
1030,1119
1034,1386
1035,1236
1036,1072
1036,1374
1037,1161
1037,1322
1038,1341
1039,1221
1040,1242
1040,1288
1042,1391
1043,1067
1043,1500
1045,1113
1045,1297
1047,1278
1050,1478
1051,1193
1051,1474
1053,1077
1053,1263
1053,1371
1053,1443
1054,1247
1054,1377
1055,1141
1055,1323
1056,1068
1057,1366
1058,1068
1058,1363
1059,1409
1060,1180
1060,1197
1061,1447
1062,1444
1064,1183
1064,1444
1065,1136
1065,1496
1066,1089
1066,1130
1066,1289
1066,1347
1066,1351
1067,1229
1069,1134
1069,1365
1074,1388
1076,1155
1076,1298
1076,1351
1077,1371
1077,1403
1077,1443
1079,1423
1081,1172
1082,1431
1082,1457
1083,1274
1083,1495
1084,1311
1084,1345
1085,1123
1085,1466
1086,1368
1087,1282
1087,1341
1087,1404
1087,1419
1088,1308
1089,1262
1089,1298
1089,1351
1089,1482
1091,1100
1091,1280
1092,1273
1092,1476
1093,1128
1093,1409
1094,1179
1094,1388
1095,1369
1100,1114
1100,1261
1101,1342
1101,1378
1101,1469
1102,1318
1103,1192
1104,1237
1104,1278
1105,1204
1105,1283
1106,1426
1106,1435
1107,1425
1108,1188
1108,1321
1109,1434
1111,1328
1112,1237
1112,1280
1113,1481
1115,1432
1117,1191
1117,1270
1118,1454
1120,1255
1120,1259
1120,1354
1121,1354
1121,1396
1122,1360
1122,1449
1124,1331
1124,1402
1125,1424
1126,1293
1126,1327
1130,1346
1130,1383
1131,1447
1132,1252
1132,1362
1133,1452
1133,1473
1134,1365
1138,1291
1139,1224
1139,1259
1139,1300
1139,1484
1139,1489
1140,1454
1141,1323
1141,1421
1145,1342
1145,1476
1146,1286
1148,1359
1149,1349
1151,1268
1152,1349
1154,1245
1155,1328
1155,1482
1157,1320
1158,1215
1159,1233
1160,1316
1160,1415
1163,1328
1163,1494
1164,1473
1164,1485
1165,1432
1169,1203
1169,1218
1169,1491
1170,1365
1170,1381
1171,1340
1172,1332
1174,1367
1175,1425
1177,1290
1178,1221
1179,1466
1182,1276
1185,1250
1186,1343
1186,1415
1188,1440
1188,1455
1194,1377
1194,1438
1194,1499
1197,1479
1198,1279
1199,1437
1200,1254
1200,1468
1200,1497
1202,1353
1202,1366
1204,1249
1206,1330
1210,1258
1211,1310
1211,1469
1212,1360
1212,1400
1213,1218
1215,1269
1216,1501
1219,1364
1220,1253
1220,1318
1220,1372
1220,1389
1222,1483
1224,1489
1227,1363
1227,1401
1227,1456
1228,1286
1229,1258
1231,1257
1232,1248
1238,1379
1239,1364
1240,1362
1240,1428
1241,1348
1244,1422
1246,1296
1248,1252
1249,1427
1252,1439
1253,1372
1255,1354
1255,1462
1257,1422
1259,1300
1259,1489
1261,1381
1262,1298
1262,1464
1262,1482
1263,1371
1264,1272
1264,1306
1267,1315
1273,1342
1274,1495
1275,1383
1277,1432
1277,1463
1279,1412
1279,1470
1280,1361
1281,1441
1283,1308
1284,1424
1284,1466
1285,1374
1287,1433
1288,1437
1288,1465
1290,1315
1291,1296
1293,1327
1293,1392
1299,1382
1301,1330
1303,1483
1318,1372
1319,1411
1320,1326
1320,1329
1324,1483
1325,1336
1331,1402
1332,1398
1334,1377
1337,1476
1339,1364
1344,1500
1346,1429
1347,1383
1350,1442
1353,1452
1355,1449
1356,1436
1357,1392
1358,1397
1358,1410
1360,1400
1360,1449
1362,1428
1363,1456
1365,1381
1367,1492
1372,1389
1373,1479
1380,1474
1381,1496
1383,1386
1388,1462
1395,1424
1398,1442
1398,1468
1399,1465
1400,1449
1403,1475
1404,1419
1408,1447
1412,1470
1418,1440
1420,1477
1426,1435
1426,1449
1426,1453
1432,1463
1450,1464
1452,1485
1453,1498
1460,1492
