,x,y,z
1,1.6845333333333332,0.4855333333333333,0.37953333333333333
2,0.2553026666666666,0.6623026666666666,11.145302666666666
3,0.3345,10.7825,0.7005
4,0.4922,0.9422,0.2662
5,5.8516379999999995,11.292638,5.570638
6,9.379933333333334,6.653933333333334,1.1509333333333336
7,7.077100000000001,10.1021,6.798100000000001
8,2.881266666666667,6.903266666666667,6.709266666666667
9,7.726466666666666,9.154466666666666,8.130466666666665
10,1.425266666666667,8.944266666666667,2.126266666666667
11,7.7482,9.6502,2.5491999999999995
12,6.989633333333333,6.298633333333333,2.886633333333333
13,8.864199999999999,6.7892,6.9762
14,0.20473,0.20473,5.10373
15,10.536766666666669,4.262766666666667,0.7067666666666669
16,9.416366666666669,2.6733666666666673,8.692366666666668
17,0.6402333333333332,4.828233333333333,8.905233333333333
18,0.6259360000000003,11.104936,10.532936000000001
19,11.036704,8.248704,11.047704
20,7.250366666666666,2.4783666666666666,6.153366666666667
21,0.3876999999999999,5.8137,7.0377
22,9.524033333333334,0.1160333333333336,7.790033333333334
23,8.009400000000001,6.0634,10.313400000000001
24,0.9577333333333335,8.987733333333335,0.6097333333333336
25,0.7938333333333334,9.812833333333334,5.652833333333334
26,6.7665999999999995,1.8526,3.4696
27,0.6089333333333334,2.7269333333333337,6.169933333333334
28,0.3873333333333333,5.749333333333333,5.277333333333333
29,9.248466666666667,4.803466666666667,6.085466666666667
30,7.110600000000001,1.7286000000000001,0.6066000000000001
31,8.671333333333333,3.3673333333333333,5.946333333333333
32,3.678362666666667,0.1763626666666669,2.088362666666667
33,11.158600666666667,2.8046006666666665,5.939600666666667
34,5.6195,0.14950000000000016,10.1625
35,8.6393,7.8323,10.1443
36,4.856,5.428,5.811
37,4.6229000000000005,10.2539,2.8399
38,6.726333333333333,10.883333333333335,8.029333333333334
39,6.740633333333333,7.476633333333334,0.8826333333333335
40,1.6982,3.2982000000000005,10.3442
41,10.2719,5.8279000000000005,4.1539
42,3.5000666666666667,2.4570666666666665,10.364066666666666
43,4.207033333333333,8.090033333333333,1.059033333333333
44,6.020166666666667,6.588166666666667,10.864166666666666
45,1.0702666666666665,5.8082666666666665,4.685266666666666
46,10.357166666666666,8.821166666666667,10.485166666666666
47,5.672066666666667,9.519066666666667,7.9690666666666665
48,8.787799999999999,0.7397999999999998,1.2777999999999998
49,10.7154,3.7214,7.8704
50,8.073331333333334,0.7063313333333335,0.23633133333333345
51,6.1435666666666675,5.0425666666666675,10.568566666666667
52,4.524466666666666,9.437466666666667,5.2194666666666665
53,8.442633333333333,0.21463333333333343,7.096633333333334
54,5.988933333333334,8.573933333333333,6.691933333333334
55,0.6190333333333332,1.4050333333333331,1.8380333333333332
56,7.2149,0.3999,8.0669
57,10.510533333333333,3.055533333333333,8.951533333333332
58,2.276366666666666,8.235366666666666,1.9593666666666665
59,8.420833333333334,6.227833333333334,8.816833333333333
60,4.887498666666667,8.858498666666668,0.040498666666666676
61,3.649666666666666,1.0226666666666664,4.099666666666666
62,0.7140333333333332,11.024033333333334,4.826033333333333
63,2.3917666666666664,10.372766666666667,1.9047666666666667
64,5.581133333333334,10.173133333333332,1.7051333333333334
65,9.737933333333334,5.368933333333333,4.146933333333333
66,4.009899999999999,1.1279,7.3019
67,4.051933333333333,2.1309333333333336,6.113933333333333
68,4.3329,1.8909000000000002,6.1359
69,0.6911333333333332,10.154133333333332,2.986133333333333
70,6.1751,10.7291,7.2241
71,6.6077,10.7147,2.0397
72,2.3266666666666667,7.5616666666666665,10.272666666666666
73,7.000333333333333,8.905333333333333,3.1733333333333333
74,3.9506,5.4525999999999994,3.5416000000000003
75,2.6645333333333334,1.2105333333333335,9.155533333333334
76,2.5070333333333332,3.8130333333333333,10.965033333333333
77,3.570066666666667,6.151066666666667,3.012066666666667
78,6.799533333333334,5.691533333333334,4.858533333333334
79,9.296866666666666,1.3618666666666666,8.979866666666666
80,4.487866666666667,6.297866666666667,4.059866666666667
81,7.655633333333334,5.706633333333334,8.354633333333334
82,9.523866666666667,8.061866666666667,1.8068666666666664
83,7.2039,9.9069,0.8648999999999999
84,4.699933333333333,4.721933333333333,8.500933333333332
85,1.3627,3.0997,3.7116999999999996
86,0.9396666666666664,5.334666666666666,0.1776666666666665
87,4.618733333333333,0.3387333333333334,7.825733333333334
88,2.5679333333333334,6.085933333333333,6.263933333333333
89,8.495366666666667,4.711366666666667,4.382366666666667
90,7.705266666666667,4.554266666666667,10.274266666666668
91,5.7016,2.6186,3.4135999999999997
92,8.960666666666667,8.376666666666667,8.758666666666667
93,7.616733333333333,2.785733333333333,2.478733333333333
94,8.728000000000002,5.566,1.5910000000000002
95,8.2232,3.4982000000000006,3.3822000000000005
96,7.178533333333333,6.481533333333333,6.910533333333333
97,9.1625,5.560499999999999,5.1545
98,3.2108666666666665,7.939866666666667,7.828866666666666
99,1.6613,2.8233,1.5413
100,9.9953,10.1163,6.2303
101,1.2752666666666665,2.3662666666666663,9.767266666666666
102,10.125067999999999,10.245067999999998,10.837067999999999
103,8.3905,2.6165000000000003,8.3565
104,0.20389733333333349,8.222897333333334,4.254897333333334
105,0.5149333333333335,2.8219333333333334,3.5179333333333336
106,5.9692333333333325,2.573233333333333,1.5492333333333332
107,5.5517666666666665,6.631766666666667,2.097766666666667
108,0.20032999999999979,9.701329999999999,0.28132999999999975
109,4.163366666666666,0.8423666666666666,10.608366666666667
110,2.005835333333333,2.977835333333333,10.988835333333334
111,3.975233333333333,3.9502333333333333,8.410233333333332
112,5.162366666666667,9.061366666666668,5.595366666666667
113,8.935866666666666,9.692866666666665,5.891866666666666
114,1.2973000000000003,7.3103,9.7003
115,8.555200000000001,2.1722,4.1142
116,8.567633333333333,5.717633333333334,0.3506333333333334
117,8.540600000000001,9.7216,1.3216
118,6.614166666666666,1.5101666666666664,0.9831666666666666
119,10.0372,0.9662,4.2732
120,4.886966666666667,7.540966666666667,2.5019666666666667
121,2.5838666666666668,9.394866666666667,4.3188666666666675
122,6.6409959999999995,0.009996000000000041,10.378996
123,9.895633333333333,4.667633333333334,9.667633333333333
124,3.615733333333333,9.580733333333333,8.359733333333333
125,1.7799000000000003,7.995900000000001,2.9119000000000006
126,6.770999999999999,5.598999999999999,7.515999999999999
127,10.854133333333333,0.17813333333333298,10.618133333333333
128,4.734933333333333,4.951933333333334,4.751933333333334
129,7.5055,7.998499999999999,10.119499999999999
130,4.748600000000001,8.3406,7.7096
131,3.0131,5.561100000000001,7.4181
132,1.1492666666666667,6.4492666666666665,9.610266666666666
133,1.3678666666666666,4.069866666666667,6.181866666666666
134,0.9051666666666668,7.952166666666667,6.722166666666666
135,8.439966666666669,10.013966666666668,1.3689666666666669
136,3.0124333333333335,10.386433333333335,8.773433333333333
137,9.6773,1.6573000000000002,3.4043
138,9.038,7.421,3.073
139,2.6321666666666665,9.029166666666667,5.332166666666667
140,8.5427,2.0877000000000003,9.117700000000001
141,7.278734666666667,11.208734666666668,7.848734666666667
142,10.071,4.801,8.408
143,8.804166666666667,7.090166666666667,1.0531666666666668
144,9.2313,5.2953,7.8403
145,8.390833333333333,7.351833333333333,9.893833333333333
146,0.7156666666666666,6.635666666666666,1.0356666666666665
147,10.630734,11.262734,1.6217339999999998
148,8.283766666666665,3.1557666666666666,6.936766666666666
149,3.202833333333333,8.402833333333334,6.358833333333333
150,8.441166666666666,4.806166666666667,2.772166666666667
151,3.5916333333333332,8.250633333333333,7.6426333333333325
152,7.258033333333334,4.7550333333333334,4.494033333333333
153,6.701499999999999,10.5905,4.2595
154,3.690599333333333,7.769599333333333,0.15859933333333323
155,7.1528333333333345,9.243833333333335,0.32783333333333364
156,5.406233333333334,3.761233333333333,3.0002333333333335
157,4.483133333333334,3.9821333333333335,2.8631333333333338
158,0.6007,10.095699999999999,7.6187000000000005
159,8.651566666666668,2.7195666666666667,4.961566666666667
160,0.5058333333333332,6.807833333333333,1.5738333333333332
161,5.498333333333334,10.996333333333334,4.763333333333334
162,8.899266666666668,9.363266666666666,9.500266666666667
163,10.186666666666666,8.167666666666666,6.846666666666667
164,2.1515333333333335,0.2475333333333336,10.402533333333334
165,6.4159,10.1599,1.7769000000000001
166,8.520666666666667,7.919666666666667,6.365666666666667
167,2.6887339999999997,11.100734,6.624734
168,1.2034666666666665,4.085466666666666,9.867466666666665
169,4.225499999999999,1.4625,0.8604999999999999
170,2.525733333333333,8.301733333333333,8.808733333333333
171,10.9125,3.1705,6.2635
172,8.182466666666667,8.909466666666667,7.450466666666667
173,5.3123000000000005,5.6833,2.7993
174,9.198333333333334,1.355333333333333,8.155333333333333
175,8.089266666666667,3.7052666666666667,0.7302666666666668
176,9.9369,1.8258999999999999,5.3029
177,4.889666666666667,2.5236666666666667,1.4316666666666669
178,7.250933333333333,9.357933333333333,9.747933333333332
179,3.3965666666666667,3.797566666666667,3.931566666666667
180,0.7231,7.1991000000000005,1.9621000000000002
181,9.998066666666666,7.392066666666667,7.788066666666667
182,1.0994666666666666,7.443466666666667,8.357466666666667
183,8.843966666666667,3.4239666666666664,4.131966666666666
184,1.1931333333333334,7.207133333333333,3.7691333333333334
185,6.482333333333334,1.5933333333333335,10.187333333333333
186,1.5667333333333335,5.650733333333334,8.852733333333333
187,7.009066666666667,7.851066666666667,5.596066666666667
188,9.3398,10.0308,7.8588
189,1.9553666666666667,4.784366666666666,2.6173666666666664
190,0.13409999999999989,1.4381,8.274099999999999
191,5.064,3.461,8.18
192,1.7931020000000002,9.817102,11.248102000000001
193,3.486466666666667,10.325466666666667,5.739466666666667
194,0.9272333333333334,4.838233333333333,4.2512333333333325
195,10.485733333333334,0.4257333333333336,8.990733333333335
196,8.647966666666667,0.7179666666666669,10.285966666666667
197,5.455466666666666,6.007466666666667,1.7934666666666668
198,5.111233333333334,4.9242333333333335,2.0582333333333334
199,7.963966666666668,4.732966666666667,6.542966666666667
200,10.622633333333335,4.3296333333333346,4.262633333333334
201,8.893366666666665,6.123366666666666,5.268366666666666
202,9.0381,0.9560999999999998,5.4731
203,8.0405,4.1455,3.4405000000000006
204,3.4377999999999997,3.0918,5.8118
205,1.8501666666666667,2.697166666666667,8.012166666666667
206,1.2304,4.6904,5.5574
207,4.168500000000001,8.2455,9.3395
208,4.604133333333333,7.855133333333334,4.784133333333333
209,6.559066666666666,1.4350666666666667,8.213066666666668
210,1.1231666666666666,0.6971666666666666,1.9881666666666666
211,7.927466666666667,0.3504666666666667,9.017466666666667
212,2.897766666666667,5.180766666666667,4.411766666666667
213,7.9731,2.3241,10.4481
214,6.293366666666667,5.481366666666666,6.416366666666667
215,3.6595666666666666,8.169566666666668,4.860566666666667
216,5.169966666666667,6.633966666666667,3.6509666666666667
217,9.903599999999999,3.5885999999999996,6.7425999999999995
218,4.443366666666667,7.722366666666667,2.6113666666666666
219,9.766666666666667,1.434666666666667,1.152666666666667
220,10.966800000000001,7.468800000000001,7.4268
221,10.125566666666666,4.322566666666667,5.419566666666666
222,0.34396666666666675,2.5539666666666667,11.102966666666667
223,9.6164,1.9944000000000002,6.8504
224,3.575266666666667,5.723266666666667,6.241266666666667
225,4.110666666666667,5.325666666666667,11.009666666666668
226,10.8452,1.1432000000000002,0.41220000000000023
227,4.397833333333333,2.285833333333333,3.575833333333333
228,5.834966666666666,10.705966666666667,7.801966666666666
229,0.8041333333333334,6.969133333333334,4.568133333333333
230,8.007133333333334,1.9821333333333333,1.9111333333333334
231,-0.0657346666666665,0.2662653333333335,9.285265333333335
232,9.482533333333333,1.6875333333333333,4.220533333333334
233,3.7172666666666667,9.018266666666667,6.336266666666666
234,7.1666,4.1136,8.1786
235,6.9453000000000005,3.1432999999999995,8.4073
236,8.605733333333335,1.6517333333333335,10.753733333333335
237,10.4249,9.6059,6.4519
238,2.0433999999999997,9.548399999999999,7.1544
239,3.704066666666667,2.2050666666666667,9.095066666666668
240,5.8992,1.0981999999999998,10.527199999999999
241,6.1055,9.0545,1.9555000000000002
242,6.1222666666666665,4.942266666666667,2.5192666666666668
243,1.9726666666666663,10.301666666666666,5.578666666666666
244,1.3389666666666669,0.9639666666666667,10.906966666666667
245,4.56,6.741,8.288
246,8.769604,7.3316040000000005,11.139604
247,1.7927,1.8477,1.3606999999999998
248,0.16526333333333348,3.5302633333333335,1.5712633333333335
249,8.651866666666667,0.32686666666666647,3.2698666666666667
250,0.9522666666666668,6.492266666666667,7.607266666666667
251,4.170866666666667,10.225866666666667,2.2138666666666666
252,5.7456,9.893600000000001,4.4925999999999995
253,5.8773,8.1503,1.8373
254,4.098466666666667,9.624466666666667,11.054466666666668
255,2.8007999999999997,7.6978,4.4648
256,8.254299999999999,6.9953,4.5673
257,10.3239,7.5679,9.2529
258,10.966633333333332,10.092633333333334,1.6016333333333332
259,10.576833333333333,0.9918333333333332,4.180833333333334
260,6.7923333333333344,8.628333333333334,9.003333333333334
261,6.1693999999999996,7.8384,6.9324
262,3.616366666666667,5.373366666666667,7.132366666666667
263,3.0534,9.4734,8.2164
264,3.3449693333333337,7.104969333333334,11.098969333333335
265,9.883433333333333,5.547433333333333,9.274433333333333
266,0.9732000000000001,8.6632,2.7942
267,10.734765333333334,0.06676533333333352,6.860765333333334
268,2.1454,1.3094,8.1624
269,4.581833333333334,5.293833333333334,1.8638333333333335
270,0.6100000000000001,7.146000000000001,9.821
271,4.439466666666666,4.734466666666666,9.564466666666666
272,7.711166666666667,3.7541666666666664,6.178166666666667
273,3.0833333333333326,5.902333333333333,8.940333333333331
274,10.640235333333333,0.945235333333333,11.223235333333333
275,7.837433333333332,9.075433333333333,5.906433333333332
276,3.8242000000000003,9.7362,3.7262000000000004
277,4.444766666666667,7.2377666666666665,6.419766666666667
278,5.495666666666667,10.953666666666667,1.0206666666666666
279,0.3353,10.0283,9.3833
280,10.826866666666666,3.1878666666666664,3.3088666666666664
281,8.6018,1.7478000000000002,2.6448000000000005
282,1.0038333333333336,10.589833333333333,9.941833333333333
283,3.989834,11.095834,6.923834
284,10.537333333333333,3.646333333333333,5.009333333333333
285,6.800999999999999,5.377,9.308
286,2.9726333333333335,2.6026333333333334,9.349633333333333
287,1.3471666666666668,6.614166666666667,7.363166666666666
288,6.2093,4.7813,8.4453
289,8.921766666666665,1.0057666666666663,9.103766666666665
290,8.949633333333335,4.707633333333334,8.731633333333335
291,3.0278666666666663,7.820866666666666,0.7778666666666666
292,1.4911999999999999,2.0112,2.4612
293,10.215864666666667,9.947864666666666,0.25886466666666674
294,2.8479666666666668,8.538966666666667,4.231966666666667
295,2.6439333333333335,8.921933333333333,0.7119333333333335
296,4.692798,-0.04720200000000007,0.28379799999999994
297,7.003832666666668,0.1608326666666669,3.659832666666667
298,7.12213,-0.018870000000000053,2.32513
299,7.3665,2.7225,0.49750000000000016
300,7.285699999999999,6.5767,8.8327
301,2.860833333333334,1.2548333333333332,3.0048333333333335
302,10.602200000000002,6.3192,1.3662000000000005
303,1.3943333333333332,1.9873333333333332,7.211333333333333
304,6.386266666666666,3.668266666666667,1.1972666666666665
305,10.771833333333333,3.9768333333333334,2.1278333333333332
306,8.833900000000002,4.1089,6.3849
307,2.9351,3.7470999999999997,2.8911
308,4.925066666666666,5.746066666666666,10.821066666666667
309,6.3676666666666675,9.690666666666667,4.266666666666667
310,9.840066666666667,8.481066666666667,7.538066666666667
311,3.3443999999999994,9.075399999999998,10.085399999999998
312,3.9417999999999997,6.5078,5.6137999999999995
313,5.981433333333333,4.962433333333333,0.8404333333333335
314,7.017866666666667,2.723866666666667,7.750866666666667
315,10.037033333333333,9.556033333333334,2.465033333333334
316,0.5957333333333333,9.172733333333333,3.2987333333333333
317,8.550333333333334,7.051333333333334,2.9493333333333336
318,10.575966666666666,7.5879666666666665,5.721966666666666
319,2.0076,7.5216,5.5666
320,7.0656,1.0545999999999998,3.9465999999999997
321,5.5751333333333335,5.477133333333333,3.789133333333333
322,7.5757,3.2067,0.39970000000000006
323,1.7687666666666664,6.5277666666666665,4.231766666666666
324,1.8056999999999999,7.9257,1.2887
325,9.507266666666666,10.369266666666666,1.6942666666666668
326,0.5495666666666664,3.4495666666666662,7.4995666666666665
327,9.848,0.39599999999999996,7.348999999999999
328,1.3478,5.486800000000001,9.3618
329,3.2244333333333333,1.5434333333333334,7.079433333333333
330,5.659733333333333,6.899733333333333,2.679733333333333
331,9.874733333333332,5.182733333333333,6.492733333333334
332,11.122600666666667,0.06860066666666673,2.869600666666667
333,5.733966666666667,7.854966666666667,8.913966666666667
334,0.14056266666666653,7.6795626666666665,4.993562666666667
335,4.4047,5.442699999999999,7.2337
336,5.021466666666667,7.616466666666667,10.491466666666668
337,4.392533333333334,2.4865333333333335,0.1865333333333334
338,5.935099999999999,4.403099999999999,3.7931
339,0.12423266666666669,4.9822326666666665,7.203232666666667
340,8.819733333333334,7.786733333333334,7.709733333333334
341,5.392666666666666,10.439666666666666,3.2196666666666665
342,2.1819333333333337,9.805933333333332,8.713933333333333
343,0.5482333333333335,0.4672333333333334,4.854233333333333
344,6.565066666666667,5.249066666666666,5.770066666666667
345,1.6349666666666665,5.481966666666666,1.8219666666666663
346,3.4503999999999997,6.6644,6.400399999999999
347,0.12563000000000007,7.25363,5.05663
348,2.2950999999999997,9.066099999999999,6.7191
349,1.1319666666666668,6.359966666666667,5.836966666666666
350,3.261233333333333,0.8352333333333334,8.448233333333334
351,4.296233333333333,1.968233333333333,10.969233333333332
352,7.7340013333333335,11.043001333333335,5.300001333333333
353,10.010533333333333,5.924533333333334,9.070533333333332
354,5.587666666666666,1.9276666666666666,5.182666666666666
355,8.864799999999999,6.3128,5.8008
356,0.4315666666666667,1.4515666666666667,6.301566666666667
357,3.5608666666666666,0.6698666666666667,5.782866666666667
358,7.361533333333334,1.0695333333333337,10.022533333333334
359,1.6714666666666669,1.8434666666666668,0.5244666666666667
360,3.4004,3.1494,0.6874
361,10.110733333333334,3.941733333333334,3.3917333333333337
362,6.503133333333333,3.358133333333334,4.6231333333333335
363,10.079266666666667,6.458266666666667,4.091266666666667
364,8.070066666666666,11.193066666666665,2.638066666666666
365,5.530033333333333,1.815033333333333,9.139033333333332
366,6.388299333333333,0.4232993333333333,0.44129933333333327
367,7.425866666666667,6.503866666666666,1.4468666666666667
368,1.6996666666666669,2.616666666666667,5.182666666666667
369,7.219362666666667,6.2363626666666665,0.00036266666666659453
370,5.216033333333333,8.579033333333332,4.293033333333333
371,4.919466666666667,1.3804666666666665,1.0484666666666667
372,4.923866666666667,9.283866666666668,10.034866666666668
373,7.784661333333333,7.007661333333333,-0.03233866666666687
374,1.7494999999999998,7.4375,8.609499999999999
375,4.4021,1.5611000000000002,1.4111
376,8.777666666666667,7.796666666666667,1.1156666666666666
377,2.850033333333333,4.716033333333334,6.650033333333333
378,1.8505000000000003,10.0175,4.5895
379,10.635000000000002,9.875,4.282
380,10.441666666666666,4.167666666666666,10.549666666666667
381,6.574566666666666,7.527566666666666,10.131566666666666
382,11.233702,7.913702,7.310702
383,5.705433333333333,0.5204333333333332,2.8134333333333332
384,5.3405,7.2105,6.4045
385,6.103266,0.07126599999999964,8.110266
386,10.839099999999998,9.0651,9.370099999999999
387,10.903766666666668,3.609766666666667,6.3947666666666665
388,6.415666666666667,3.9426666666666663,10.896666666666667
389,6.994866666666666,1.9088666666666665,6.011866666666666
390,3.0478993333333335,0.12589933333333345,3.9028993333333335
391,7.5009999999999994,1.4559999999999997,7.572
392,3.605,6.284,3.836
393,9.549800000000001,9.0528,3.7578
394,4.412333333333334,6.364333333333334,2.6003333333333334
395,6.998966666666667,6.985966666666667,5.176966666666667
396,2.7616333333333336,3.9066333333333336,1.5266333333333335
397,1.3527633333333333,0.11076333333333328,3.8527633333333333
398,5.581566666666667,4.223566666666668,4.830566666666667
399,0.7159999999999999,4.859999999999999,7.167999999999999
400,8.753266666666665,10.000266666666665,10.160266666666665
401,6.796333333333333,9.511333333333333,10.662333333333333
402,3.9034,4.329400000000001,10.3974
403,7.9461,8.0651,8.8171
404,1.4917666666666665,6.061766666666666,4.345766666666666
405,3.5243333333333333,10.040333333333335,1.6153333333333335
406,1.9043333333333332,4.277333333333333,3.4683333333333333
407,10.652666666666665,8.052666666666665,1.7176666666666662
408,5.235133333333333,6.302133333333333,9.549133333333334
409,3.8694333333333333,4.264433333333334,4.8834333333333335
410,0.29556666666666676,3.919566666666667,3.266566666666667
411,2.8723333333333336,7.097333333333333,1.3673333333333333
412,1.9697666666666669,1.2347666666666668,4.312766666666667
413,5.3515,2.4424999999999994,4.3175
414,8.6817,8.0437,1.4817
415,3.4446000000000003,4.6016,10.7526
416,8.579500000000001,8.6225,0.7295000000000001
417,0.7248666666666669,3.432866666666667,4.877866666666667
418,1.3575,9.654499999999999,3.0914999999999995
419,0.13693066666666664,8.972930666666667,6.609930666666666
420,6.1586,7.8835999999999995,10.846599999999999
421,3.8615333333333326,10.468533333333331,10.535533333333332
422,8.009433333333334,7.809433333333334,0.1314333333333334
423,5.7589999999999995,8.292,3.907
424,8.1094,5.3614,8.144400000000001
425,9.447066666666668,8.487066666666667,4.024066666666667
426,8.940066666666667,9.845066666666668,9.681066666666666
427,0.9164666666666665,8.573466666666667,3.8354666666666666
428,3.1986,1.2406,5.7736
429,4.279966666666667,5.4389666666666665,2.8139666666666665
430,6.712704,11.125704,4.388704
431,4.953633333333333,3.2306333333333335,5.857633333333333
432,10.581,2.791,1.8990000000000002
433,3.4139333333333335,4.469933333333333,3.6939333333333333
434,6.445366666666667,7.3383666666666665,3.9763666666666664
435,4.063296,0.080296,9.752296
436,10.033566666666667,6.127566666666667,0.6275666666666669
437,11.217334666666668,10.636334666666666,7.4903346666666675
438,9.597666666666667,10.620666666666667,8.005666666666666
439,8.889666666666665,6.222666666666666,9.747666666666666
440,6.0275973333333335,0.21659733333333325,4.015597333333333
441,7.1935,4.1865000000000006,7.6585
442,7.672899999999999,5.038899999999999,3.9469
443,4.745533333333333,10.308533333333333,5.914533333333334
444,6.980433333333333,4.120433333333334,6.244433333333333
445,0.07362933333333338,3.8276293333333333,7.920629333333333
446,1.4106666666666667,1.4376666666666666,5.300666666666666
447,8.823666666666668,3.770666666666667,9.683666666666667
448,11.133334666666666,5.040334666666667,8.765334666666666
449,3.7988666666666666,6.873866666666667,1.5848666666666666
450,4.199400000000001,1.9474000000000002,8.2674
451,6.3309999999999995,6.276,6.39
452,2.3811,3.5271,6.3501
453,0.28786466666666644,1.1508646666666664,8.087864666666666
454,3.3889,5.1758999999999995,9.6839
455,8.530633333333332,4.341633333333333,10.985633333333332
456,5.718400000000001,4.3904000000000005,1.5354
457,4.1264,7.9524,2.1144
458,6.500670666666666,11.102670666666667,10.994670666666666
459,3.2196666666666665,8.878666666666666,0.2686666666666664
460,3.0305666666666666,9.383566666666667,1.5465666666666669
461,7.553366666666666,9.693366666666666,5.263366666666666
462,5.451499999999999,1.3744999999999998,3.5784999999999996
463,10.7696,6.1916,10.2526
464,9.171399999999998,3.5513999999999997,10.754399999999999
465,3.6784000000000003,5.7194,8.5424
466,3.8421333333333334,10.218133333333334,4.451133333333334
467,7.604066666666666,9.383066666666666,5.614066666666667
468,2.3972,0.6801999999999999,6.757199999999999
469,1.5984666666666665,5.611466666666666,0.9364666666666666
470,10.282366666666666,8.782366666666666,4.872366666666666
471,2.5534333333333334,1.4304333333333332,1.1104333333333332
472,6.8030333333333335,6.052033333333333,8.137033333333333
473,7.258733333333334,5.453733333333333,0.6127333333333331
474,9.882,0.8819999999999999,7.202999999999999
475,7.604566666666666,5.862566666666666,5.061566666666666
476,10.029866666666667,0.5548666666666667,5.334866666666667
477,8.491433333333335,3.395433333333334,8.338433333333334
478,0.9948666666666666,10.390866666666666,7.359866666666667
479,2.622733333333333,5.709733333333333,0.6327333333333334
480,4.8267,7.4136999999999995,5.4277
481,2.9814333333333334,9.442433333333334,4.595433333333333
482,6.0702,8.749200000000002,3.3222
483,7.199766666666667,2.2147666666666668,2.722766666666667
484,2.6681,3.2460999999999998,7.5961
485,10.415833333333333,1.1938333333333335,3.0458333333333334
486,3.642298666666667,0.5592986666666667,2.4892986666666665
487,5.294133333333334,2.6321333333333334,2.1431333333333336
488,7.872800000000001,9.1578,2.7458000000000005
489,5.7588333333333335,1.2828333333333335,2.1108333333333333
490,1.9664,2.2714,0.29439999999999994
491,3.517433333333333,7.291433333333334,5.124433333333333
492,10.3993,1.1812999999999998,9.0593
493,11.091368666666666,5.008368666666667,4.487368666666667
494,2.1435999999999997,4.0005999999999995,4.813599999999999
495,3.8156,3.0906,8.310599999999999
496,6.416333333333334,2.538333333333333,7.3853333333333335
497,2.233766666666667,2.141766666666667,10.966766666666667
498,8.610933333333332,5.074933333333333,1.8709333333333331
499,2.9984,4.5394,1.8294000000000001
500,0.4601666666666668,4.621166666666667,1.3271666666666668
501,3.0778,3.7688,6.400799999999999
502,5.0757666666666665,10.474766666666667,9.380766666666666
503,1.3501666666666667,0.20716666666666683,8.583166666666667
504,1.8806,9.170599999999999,9.6616
505,5.798765333333334,9.793765333333333,-0.0032346666666665386
506,10.325000000000001,3.1130000000000004,4.7170000000000005
507,3.4705666666666666,0.3465666666666667,6.6485666666666665
508,8.085333333333333,4.2603333333333335,9.622333333333334
509,7.404933333333333,1.0109333333333332,6.362933333333333
510,0.9302333333333335,3.2402333333333337,3.0572333333333335
511,1.1893,2.2712999999999997,5.6953
512,11.031469333333334,4.245469333333334,10.603469333333333
513,10.162233333333335,1.7542333333333335,0.9142333333333336
514,5.6039,8.9919,2.2879
515,7.8639660000000005,2.013966,0.06696600000000012
516,3.142666666666667,8.388666666666667,1.3246666666666669
517,6.4059,9.543899999999999,7.978899999999999
518,1.3591666666666669,9.982166666666668,1.4401666666666668
519,3.296434,11.160434,0.29643400000000003
520,7.5218,5.8448,3.7937999999999996
521,9.594599999999998,7.896599999999999,10.637599999999999
522,9.180866666666665,1.6588666666666665,7.058866666666667
523,1.0821,5.3311,3.7391
524,0.25003199999999987,10.496032,5.633032
525,9.611933333333333,0.10993333333333304,3.001933333333333
526,2.2590999999999997,2.2401,4.6720999999999995
527,2.4459,2.1149,3.1809
528,2.195333333333333,5.093333333333333,9.694333333333333
529,6.225300000000001,8.0203,8.3253
530,9.464233333333333,4.610233333333333,3.080233333333333
531,6.767966666666666,8.257966666666666,9.769966666666667
532,0.5095333333333331,9.679533333333332,6.832533333333333
533,8.034766666666666,9.088766666666665,4.839766666666666
534,6.2360999999999995,3.0041,10.4301
535,3.0906333333333333,10.628633333333333,7.674633333333333
536,5.988666666666666,5.048666666666667,5.900666666666666
537,0.8276666666666669,3.597666666666667,8.236666666666668
538,7.5756000000000006,4.9596,5.2946
539,8.9336,2.0616000000000003,1.6836000000000002
540,2.1754333333333333,0.8884333333333332,4.8324333333333325
541,8.395966666666668,8.802966666666668,1.712966666666667
542,10.761066666666666,10.358066666666666,4.154066666666666
543,10.558233333333334,2.9602333333333335,4.048233333333333
544,9.935733333333333,2.450733333333334,10.076733333333333
545,3.9703666666666666,3.8503666666666665,7.326366666666667
546,8.923399999999999,8.1054,2.1134
547,7.265833333333333,1.480833333333333,6.011833333333333
548,8.775233333333333,8.859233333333334,4.984233333333333
549,10.5358,4.7547999999999995,3.3698
550,6.425766666666667,2.794766666666667,9.776766666666667
551,9.241033333333334,2.828033333333334,7.320033333333333
552,9.588799999999999,10.1398,5.594799999999999
553,2.6986999999999997,7.582699999999999,2.6736999999999997
554,6.902033333333334,3.7990333333333335,2.7000333333333333
555,1.3475666666666666,10.503566666666666,6.552566666666666
556,4.991033333333333,3.703033333333333,9.460033333333334
557,4.673299999999999,10.4413,1.4073
558,6.8562,9.7842,8.7382
559,5.997133333333333,3.2851333333333335,7.451133333333333
560,4.791566666666667,4.388566666666667,10.445566666666666
561,9.847033333333334,2.2290333333333336,9.978033333333334
562,7.421933333333333,2.282933333333333,1.4209333333333332
563,5.5374,3.2444,7.2914
564,2.9854666666666665,6.071466666666667,1.9384666666666668
565,5.638896000000001,6.227896,0.1368960000000001
566,10.192566666666666,4.647566666666667,5.041566666666666
567,2.8476666666666666,1.0026666666666668,0.4416666666666667
568,5.019066666666667,1.9200666666666666,0.5300666666666667
569,4.038929333333333,10.436929333333334,0.10592933333333322
570,10.864768,9.196768,0.8667679999999998
571,8.103333333333333,7.269333333333333,6.5233333333333325
572,1.3885999999999998,7.401599999999999,4.2585999999999995
573,8.678166666666666,2.9071666666666665,3.3731666666666666
574,6.099866666666667,1.2928666666666668,7.235866666666667
575,9.41,4.338,7.319
576,1.1303666666666667,2.3233666666666664,3.8523666666666667
577,6.2933666666666666,1.5813666666666666,5.361366666666667
578,9.258633333333334,10.607633333333334,2.8066333333333335
579,9.830166666666667,9.427166666666668,9.501166666666668
580,0.4509666666666667,2.306966666666667,5.198966666666666
581,9.175201333333334,10.348201333333334,10.853201333333333
582,1.0795666666666666,9.265566666666667,7.9885666666666655
583,3.687333333333333,2.3273333333333333,3.5913333333333335
584,2.7869673333333336,7.781967333333333,11.282967333333334
585,5.667566666666667,0.8545666666666668,4.823566666666667
586,1.2851666666666666,1.8011666666666666,8.097166666666666
587,2.2964333333333333,9.669433333333332,3.124433333333333
588,5.9595666666666665,2.7725666666666666,8.598566666666665
589,7.318233333333334,2.0392333333333337,9.841233333333335
590,10.229833333333335,7.055833333333334,10.155833333333335
591,7.865833333333334,8.628833333333334,9.020833333333334
592,1.4329333333333332,9.378933333333332,3.9589333333333334
593,6.096033333333334,2.5840333333333336,9.478033333333332
594,9.092433333333334,1.2824333333333333,9.918433333333335
595,4.152801333333334,11.238801333333333,5.364801333333333
596,10.0305,8.6385,8.9375
597,0.2280319999999999,2.445032,4.051032
598,8.074266666666665,1.6592666666666664,0.9152666666666663
599,1.3894666666666666,4.7674666666666665,8.339466666666667
600,2.044433333333333,8.063433333333332,4.505433333333333
601,1.3876333333333335,2.3086333333333338,9.133633333333334
602,2.106933333333333,5.9269333333333325,7.6159333333333326
603,8.658033333333334,11.029033333333334,7.446033333333333
604,10.805066666666669,9.318066666666668,8.486066666666668
605,0.7125333333333334,3.954533333333333,2.794533333333333
606,7.794466666666667,6.309466666666667,0.23946666666666666
607,4.349333333333333,5.964333333333333,1.0693333333333332
608,2.4775666666666663,3.4905666666666666,0.3285666666666666
609,4.3080333333333325,3.251033333333333,4.702033333333333
610,0.8150666666666666,0.7220666666666666,9.722066666666667
611,2.165433333333333,1.4004333333333332,10.201433333333334
612,0.07793133333333327,7.803931333333334,10.580931333333332
613,7.5716,5.9876000000000005,6.1266
614,10.905800000000001,4.7328,0.8858000000000001
615,1.8798666666666668,3.260866666666667,3.948866666666667
616,3.2606,9.9366,3.2446
617,10.6624,7.9274000000000004,8.8354
618,2.0568333333333335,7.7218333333333335,10.847833333333332
619,11.096867999999999,10.634867999999999,2.970868
620,4.278600000000001,10.3466,8.724599999999999
621,4.911533333333334,9.884533333333332,6.595533333333333
622,8.464366666666667,1.5873666666666666,2.954366666666666
623,1.7354333333333332,8.812433333333333,1.8234333333333332
624,9.300366666666667,0.7123666666666667,0.5023666666666667
625,3.1974666666666667,7.513466666666667,9.614466666666667
626,7.177833333333334,10.685833333333333,10.514833333333334
627,1.7991666666666666,6.362166666666666,9.875166666666667
628,1.0089333333333332,7.999933333333333,0.36093333333333333
629,1.1055666666666664,6.598566666666666,3.0145666666666666
630,1.280233333333333,9.288233333333332,9.268233333333333
631,6.6226666666666665,2.8286666666666664,3.2166666666666663
632,9.6752,2.9022,3.6652
633,3.0632,9.4052,2.9692000000000003
634,9.459266666666666,4.377266666666666,4.250266666666667
635,2.116933333333333,4.944933333333333,10.340933333333332
636,2.3132333333333333,6.232233333333333,10.807233333333333
637,0.09753266666666667,4.357532666666667,9.389532666666666
638,4.5227666666666675,1.7157666666666669,3.193766666666667
639,5.080033333333333,3.189033333333333,3.321033333333333
640,5.096633333333333,4.965633333333334,1.5356333333333334
641,9.0416,8.7386,6.4756
642,10.903568000000002,8.817568000000001,4.536568000000001
643,6.3857,3.0326999999999997,5.2447
644,3.2450666666666663,2.162066666666666,6.371066666666667
645,0.1583666666666667,2.1593666666666667,1.2543666666666669
646,3.7034000000000002,3.2724,8.9004
647,5.2005333333333335,3.0975333333333332,8.893533333333334
648,10.485099333333332,6.092099333333333,0.40409933333333314
649,5.651666666666666,9.375666666666666,6.102666666666666
650,5.133233333333334,9.087233333333334,6.610233333333333
651,6.6628,7.2788,1.9188
652,6.3219,9.4159,1.3739
653,5.125866666666666,7.544866666666666,7.247866666666666
654,4.333,8.982000000000001,2.8310000000000004
655,2.3067333333333333,3.5937333333333332,10.280733333333334
656,3.6391999999999998,2.3331999999999997,5.1432
657,0.6024999999999998,7.4665,0.9624999999999998
658,7.990864,0.13286400000000012,10.135864
659,0.9978686666666667,11.073868666666666,8.459868666666667
660,10.575499999999998,1.8544999999999996,10.263499999999999
661,3.5860686666666663,10.882068666666665,4.472068666666666
662,4.346835333333334,10.891835333333333,3.6538353333333333
663,4.5831333333333335,2.3671333333333333,10.252133333333333
664,8.728666666666667,5.698666666666667,1.1896666666666669
665,10.3576,6.707599999999999,8.7936
666,4.427899999999999,10.235899999999999,10.0219
667,0.6911333333333332,10.725133333333332,6.989133333333333
668,4.873533333333333,8.101533333333334,1.3185333333333333
669,4.938733333333333,5.036733333333333,7.2847333333333335
670,0.12593066666666677,4.559930666666666,4.957930666666667
671,8.510404,11.141404,8.034404
672,8.531966666666667,2.793966666666667,10.610966666666668
673,3.9174,6.7534,9.6234
674,4.650966666666667,0.7569666666666668,8.680966666666666
675,7.583333333333333,1.3733333333333333,4.875333333333334
676,6.3679,3.6539,2.8228999999999997
677,9.930466666666666,9.476466666666667,7.948466666666667
678,8.638264,0.06926399999999994,10.105264
679,2.7914000000000003,6.651400000000001,8.4374
680,9.604133333333333,0.7611333333333336,5.9581333333333335
681,9.728033333333332,7.828033333333333,4.1750333333333325
682,0.5772,10.2582,4.4492
683,4.7012,2.6672,2.3402
684,3.3406333333333333,1.3676333333333333,1.8546333333333334
685,5.700266666666667,6.799266666666667,10.720266666666667
686,4.924566666666667,9.872566666666668,4.023566666666667
687,8.980066666666668,6.853066666666667,4.9130666666666665
688,0.6016333333333334,3.4336333333333333,0.4036333333333334
689,7.1348,6.5198,2.2908
690,7.202566666666667,1.298566666666667,8.859566666666668
691,10.356866666666665,1.4738666666666662,8.641866666666665
692,8.526566666666666,3.612566666666667,10.340566666666666
693,5.405902666666667,11.005902666666667,2.2159026666666666
694,10.491700000000002,7.7597,2.7257
695,7.0761346666666665,2.432134666666667,11.060134666666666
696,9.3318,5.3698,9.5398
697,9.9285,10.1155,0.7305
698,4.869666666666666,6.530666666666667,1.0766666666666667
699,2.7015666666666664,9.797566666666667,2.3025666666666664
700,2.4492333333333334,7.037233333333333,7.293233333333333
701,2.1490333333333336,6.5370333333333335,0.4180333333333333
702,1.7298026666666664,5.857802666666666,11.108802666666666
703,10.587233333333334,1.5292333333333334,2.8022333333333336
704,0.10956800000000019,11.212568000000001,0.5585680000000002
705,7.503933333333333,5.593933333333333,1.7249333333333332
706,11.239334,6.358334,5.410334
707,4.346065333333333,6.611065333333333,0.20206533333333332
708,9.246133333333333,4.410133333333333,5.1731333333333325
709,10.421800000000001,10.3518,5.2178
710,7.9566,9.8316,4.2566
711,7.568933333333333,9.738933333333334,7.097933333333333
712,7.178533333333333,8.161533333333333,3.3765333333333336
713,5.466668666666666,1.7696686666666663,11.229668666666665
714,0.9637333333333333,0.6407333333333334,6.247733333333334
715,7.0764000000000005,1.8944,2.1914000000000002
716,4.0263,6.535299999999999,8.9133
717,10.821033333333332,1.4870333333333332,3.9260333333333333
718,10.150498,0.22449800000000006,0.24249800000000007
719,8.132633333333333,8.569633333333332,2.9946333333333333
720,4.968066666666666,1.4950666666666663,1.9780666666666662
721,4.451033333333333,7.056033333333334,0.9880333333333334
722,4.8819,2.3468999999999998,7.3319
723,5.4557,8.8677,1.1577
724,3.0810666666666666,6.8280666666666665,3.1860666666666666
725,4.131166666666667,10.641166666666667,5.246166666666667
726,6.399933333333333,7.802933333333333,5.467933333333333
727,6.7154333333333325,7.823433333333333,2.5134333333333334
728,9.0725,2.7445,2.5635
729,9.667533333333333,5.901533333333334,6.2565333333333335
730,10.718368000000002,2.8323680000000007,10.404368000000002
731,8.270933333333332,7.361933333333334,2.0669333333333335
732,2.0817666666666663,0.7747666666666666,2.9407666666666663
733,0.674766666666667,7.0067666666666675,10.667766666666667
734,10.237235333333334,6.733235333333334,11.169235333333335
735,2.4188666666666663,4.1668666666666665,8.565866666666667
736,9.294633333333332,10.669633333333332,5.129633333333333
737,11.143003333333334,8.523003333333335,7.953003333333334
738,8.064666666666666,10.436666666666667,10.185666666666666
739,7.136833333333334,1.7798333333333332,7.441833333333333
740,5.172433333333333,2.2964333333333333,5.306433333333333
741,9.023066666666667,10.425066666666666,6.366066666666666
742,9.382266666666666,8.756266666666667,3.264266666666667
743,5.141733333333334,1.7407333333333335,6.597733333333334
744,4.142200000000001,10.5282,7.831200000000001
745,10.862466666666666,9.022466666666666,1.2754666666666667
746,4.4638333333333335,4.3838333333333335,0.4928333333333334
747,0.8444666666666668,9.476466666666667,10.538466666666668
748,6.3994,9.6784,9.224400000000001
749,10.3159,6.1179,8.0719
750,4.5434,0.8193999999999999,6.7154
751,2.727662666666667,8.210662666666666,0.14166266666666685
752,11.166270666666666,7.822270666666666,1.4732706666666664
753,3.359566666666667,4.774566666666667,1.8025666666666667
754,4.691266666666667,7.845266666666667,9.136266666666666
755,2.2786,4.1446,3.9086000000000003
756,8.965833333333332,8.765833333333333,10.877833333333333
757,7.399033333333334,3.353033333333333,5.491033333333333
758,7.102033333333333,0.4410333333333333,1.7050333333333334
759,1.7412333333333334,6.554233333333333,6.704233333333333
760,6.477202,10.894202000000002,5.907202
761,3.5260000000000002,8.656,3.805
762,9.4346,3.4686,1.9225999999999999
763,0.38456666666666645,8.571566666666666,7.341566666666666
764,7.4383,3.7933000000000003,1.8223
765,0.6739,6.3369,3.2169
766,10.3132,3.8532,10.9232
767,9.9139,3.1039,8.0099
768,6.273666666666667,4.155666666666667,4.684666666666667
769,2.5957,7.0927,3.2396999999999996
770,0.45889933333333327,9.794899333333333,5.314899333333333
771,0.610433333333333,8.525433333333332,9.353433333333333
772,3.727666666666667,1.8086666666666669,3.9656666666666673
773,4.658701333333333,0.28270133333333314,11.233701333333332
774,2.8908,5.1868,2.5588
775,3.672566666666667,7.787566666666667,9.968566666666668
776,-0.02347200000000001,0.411528,6.5205280000000005
777,10.637766666666668,9.537766666666668,2.4177666666666666
778,2.4947000000000004,1.6297,4.0306999999999995
779,7.195633333333333,11.048633333333333,9.934633333333332
780,10.7517,0.8796999999999999,10.5037
781,9.9821,6.3411,9.9121
782,3.1179653333333333,0.4599653333333334,10.862965333333333
783,10.483966666666667,6.3539666666666665,2.5099666666666667
784,1.8674333333333335,7.993433333333334,0.5364333333333334
785,4.766566666666666,10.959566666666666,1.7995666666666665
786,6.163433333333333,4.331433333333333,10.482433333333333
787,0.8366700000000001,2.28067,11.218670000000001
788,10.645834666666667,4.8558346666666665,11.046834666666667
789,4.5365,6.0075,0.39450000000000024
790,0.8487,1.7637,2.0627000000000004
791,2.3783,2.5862999999999996,2.4423
792,8.613833333333334,8.334833333333334,4.740833333333334
793,4.7449,4.2779,7.8399
794,8.5216,3.5186,8.9406
795,6.711200000000001,2.9932,7.1322
796,1.1526333333333334,3.0296333333333334,6.527633333333333
797,11.281504,3.268504,5.4185039999999995
798,2.593166666666667,5.589166666666667,4.541166666666667
799,8.180566666666666,1.1095666666666666,3.595566666666667
800,6.8568,2.8878,0.7437999999999999
801,7.371766666666667,6.8707666666666665,9.945766666666668
802,9.954966666666667,4.446966666666667,2.7199666666666666
803,9.205233333333334,10.552233333333334,4.664233333333334
804,9.346733333333335,10.779733333333334,9.754733333333334
805,11.001033333333334,6.0850333333333335,3.197033333333333
806,6.966333333333333,5.1353333333333335,3.2963333333333336
807,0.585932,0.14493200000000006,8.374932000000001
808,1.7506333333333335,3.0126333333333335,0.8556333333333334
809,4.989766666666666,5.980766666666667,4.8547666666666665
810,1.0037333333333334,7.910733333333333,8.585733333333334
811,1.0160999999999998,4.8900999999999994,6.6560999999999995
812,2.7859033333333336,11.172903333333334,2.8759033333333335
813,10.018099999999999,6.8691,6.4001
814,7.917066666666667,8.517066666666667,7.675066666666667
815,2.640433333333333,10.297433333333334,5.126433333333333
816,1.4226,1.5366,5.6166
817,4.514033333333333,11.031033333333335,8.937033333333334
818,1.2834000000000003,10.3824,8.8094
819,3.4385,1.9335,2.7555
820,8.228966666666668,7.127966666666667,5.889966666666667
821,7.185033333333334,1.1230333333333333,3.316033333333333
822,3.9546333333333323,4.973633333333333,8.091633333333332
823,10.015566666666667,7.668566666666667,1.5405666666666666
824,4.1939633333333335,9.215963333333333,0.19396333333333346
825,1.6155,4.2665,1.3345
826,11.172666666666666,3.767666666666667,1.9986666666666666
827,8.001066666666667,0.7680666666666668,2.6850666666666667
828,4.873666666666667,3.977666666666667,2.2046666666666668
829,1.6241333333333334,3.869133333333333,7.308133333333334
830,6.851033333333333,5.6350333333333325,1.208033333333333
831,5.630866666666666,8.334866666666667,0.5308666666666668
832,7.240333333333334,8.539333333333333,10.762333333333332
833,8.6196,0.7866,7.7876
834,10.527866666666666,7.387866666666667,3.5958666666666663
835,6.119433333333333,3.7124333333333337,8.941433333333334
836,7.898066666666667,8.407066666666667,4.680066666666667
837,7.305866666666666,10.387866666666666,6.119866666666666
838,10.188099999999999,9.926099999999998,6.8221
839,8.123101333333334,10.975101333333333,11.044101333333334
840,5.886066666666666,10.941066666666666,8.906066666666666
841,3.637433333333333,2.1274333333333333,10.185433333333334
842,6.715199999999999,4.898199999999999,2.0292
843,3.7708000000000004,2.6008000000000004,6.8268
844,1.3836666666666666,3.8776666666666664,5.582666666666666
845,7.4106000000000005,9.8586,8.494599999999998
846,5.643666666666667,9.807666666666666,10.637666666666666
847,1.2847333333333333,0.6267333333333333,1.2097333333333333
848,0.8257333333333335,6.281733333333333,10.839733333333335
849,8.240966666666665,6.159966666666667,6.349966666666667
850,0.5175333333333333,10.652533333333333,10.868533333333332
851,9.925899999999999,1.9469,5.9459
852,8.907433333333334,5.477433333333334,3.4424333333333332
853,10.608733333333333,10.297733333333333,9.884733333333333
854,0.2015666666666668,4.8295666666666675,3.1155666666666666
855,0.9569333333333333,8.611933333333335,5.967933333333333
856,5.052866666666667,7.776866666666666,8.885866666666667
857,0.6805000000000001,1.1935,5.804500000000001
858,2.6269,8.987900000000002,7.7879
859,3.2497,10.8707,3.1346999999999996
860,0.05636666666666668,0.3063666666666667,7.610366666666667
861,0.41986666666666655,6.551866666666667,7.9938666666666665
862,2.7005000000000003,3.5175,2.9155
863,3.6770306666666666,0.2620306666666665,7.667030666666666
864,9.7137,3.3497,6.297699999999999
865,2.4871333333333334,6.300133333333333,2.563133333333333
866,6.687100000000001,2.7071,8.7751
867,8.369900000000001,9.4709,10.5809
868,4.579,9.509,9.657
869,9.726666666666667,8.478666666666667,5.398666666666666
870,6.697966666666667,4.609966666666667,7.9789666666666665
871,7.878033333333334,6.108033333333333,10.849033333333333
872,1.5363999999999995,8.2434,6.037399999999999
873,10.856433333333333,0.5944333333333333,5.630433333333333
874,0.005198000000000064,5.753198,2.0921980000000002
875,6.504766666666667,3.6457666666666664,3.7397666666666662
876,8.939766666666667,10.679766666666666,7.4187666666666665
877,0.5919666666666665,9.234966666666667,6.748966666666666
878,10.579133333333333,2.179133333333333,0.4241333333333333
879,0.4758666666666666,2.7798666666666665,9.102866666666666
880,0.4058666666666666,7.396866666666666,6.335866666666666
881,7.655666666666666,5.265666666666666,10.122666666666666
882,0.4663999999999999,1.2234,3.6954
883,3.7057333333333333,6.129733333333333,10.647733333333333
884,6.025266666666666,4.710266666666666,0.41226666666666645
885,9.050400000000002,10.846400000000001,3.2004000000000006
886,1.6413333333333333,1.7923333333333331,2.8543333333333334
887,3.6665333333333336,3.7105333333333337,2.1425333333333336
888,2.802366,5.047366,0.07536600000000011
889,10.556066666666668,7.880066666666667,10.796066666666668
890,7.468766666666666,3.1517666666666666,10.709766666666665
891,0.6899,6.5259,6.6349
892,7.2533,4.0823,1.2033
893,9.055733333333334,7.862733333333333,7.166733333333333
894,4.8740000000000006,0.6460000000000002,4.1610000000000005
895,4.072533333333334,6.3255333333333335,6.502533333333334
896,1.7570000000000003,2.6400000000000006,9.666
897,10.545433333333332,1.991433333333333,1.882433333333333
898,8.2886,5.3386,9.4006
899,4.292366666666667,6.671366666666667,7.444366666666666
900,4.724066666666666,0.9290666666666666,5.196066666666666
901,1.4572333333333332,9.054233333333332,1.3332333333333333
902,2.2107999999999994,0.44479999999999964,9.6488
903,4.488367333333334,7.7833673333333335,11.019367333333335
904,6.173033333333334,1.1500333333333335,0.3770333333333334
905,9.7752,4.369199999999999,4.207199999999999
906,1.6948986666666668,6.607898666666667,0.3178986666666667
907,3.006933333333333,4.512933333333333,7.725933333333333
908,4.801166666666667,9.559166666666668,2.765166666666667
909,8.222534,5.168533999999999,10.872534
910,4.175066666666667,8.543066666666666,10.012066666666666
911,5.9254,9.9794,3.1374000000000004
912,6.3314,4.6154,4.7394
913,0.8192333333333336,3.5032333333333336,10.782233333333334
914,7.474366666666667,2.819366666666667,5.836366666666667
915,5.080699999999999,1.5356999999999998,10.618699999999999
916,2.4229666666666665,3.2349666666666668,9.119966666666667
917,5.3461,6.5470999999999995,7.2241
918,2.173268666666667,11.174268666666668,7.436268666666667
919,5.819233333333332,8.600233333333332,10.298233333333332
920,1.5684999999999996,10.9925,1.9884999999999997
921,4.172599999999999,9.4406,8.7976
922,10.07217,11.192169999999999,4.721170000000001
923,7.605,7.517,8.096
924,7.4143,5.323300000000001,6.1943
925,5.0655,0.8655,3.2415
926,1.4555666666666665,11.198566666666666,5.628566666666666
927,2.193133333333333,1.4721333333333333,9.272133333333333
928,8.489333333333333,2.9483333333333333,4.712333333333333
929,5.463499999999999,9.2175,8.8935
930,1.7544666666666668,7.587466666666667,7.639466666666666
931,8.428866666666666,6.137866666666667,9.898866666666667
932,0.2895666666666666,5.905566666666666,10.953566666666667
933,6.795533333333333,0.6045333333333336,9.595533333333334
934,8.967099999999999,10.7881,8.824100000000001
935,9.360366666666666,5.728366666666666,10.967366666666667
936,2.7526006666666665,10.898600666666665,9.576600666666666
937,8.423866666666665,2.4598666666666666,7.041866666666667
938,2.0796333333333332,3.2936333333333336,2.6406333333333336
939,9.003433333333332,9.865433333333332,0.7934333333333329
940,5.350133333333333,1.9951333333333332,7.622133333333333
941,10.371266666666667,2.2212666666666667,7.426266666666667
942,2.2507333333333333,1.9327333333333334,6.882733333333333
943,1.4855000000000003,10.415500000000002,10.727500000000001
944,3.607433333333333,4.951433333333333,4.419433333333333
945,6.587566666666667,7.046566666666667,2.7275666666666663
946,8.008333333333333,5.338333333333333,5.328333333333333
947,9.223433333333332,2.9034333333333335,1.1104333333333332
948,4.234800000000001,9.0348,6.9548000000000005
949,2.8468000000000004,8.872800000000002,9.9558
950,4.0512,9.616200000000001,8.2422
951,2.8213,6.0163,10.3343
952,7.9313,8.7763,2.1173
953,1.0420333333333336,3.0840333333333336,8.560033333333333
954,7.711099999999999,4.9300999999999995,4.719099999999999
955,4.6166,2.8166,1.0456
956,4.335866666666667,0.4868666666666667,4.482866666666667
957,3.3685666666666663,0.9325666666666665,8.715566666666666
958,7.765266666666666,10.246266666666665,10.815266666666666
959,0.7441666666666666,3.1551666666666667,1.4691666666666667
960,1.6017666666666663,9.741766666666665,7.117766666666667
961,10.785033333333335,4.389033333333334,6.3350333333333335
962,10.7713,7.0783,9.3013
963,6.435433333333334,7.321433333333334,0.5324333333333336
964,9.391333333333334,0.3843333333333333,3.5943333333333336
965,2.7201,3.1501,8.7131
966,1.760333333333333,3.5933333333333333,8.617333333333333
967,6.0486,9.9256,10.5566
968,9.2362,4.405200000000001,0.5322000000000002
969,0.0795966666666669,9.001596666666668,10.204596666666667
970,9.817733333333333,7.677733333333333,10.289733333333334
971,1.4323333333333332,10.606333333333334,2.5193333333333334
972,5.7889333333333335,5.521933333333333,9.571933333333334
973,2.516701333333333,10.824701333333332,3.7427013333333328
974,5.626200000000001,8.6232,8.0752
975,6.1005666666666665,9.250566666666668,4.818566666666666
976,1.7268666666666668,5.114866666666666,10.725866666666667
977,0.3581013333333336,11.209101333333335,3.8961013333333336
978,2.607133333333333,2.475133333333333,10.364133333333333
979,0.3914,0.5054000000000001,2.1444
980,0.07209466666666663,6.435094666666666,0.07609466666666662
981,8.293433333333333,1.321433333333333,6.769433333333333
982,6.537299999999999,1.9292999999999998,2.9742999999999995
983,10.206266666666666,9.202266666666667,3.8852666666666664
984,0.5585000000000001,1.8265,10.614500000000001
985,1.5256666666666667,5.953666666666667,5.622666666666667
986,7.040733333333334,8.944733333333334,6.820733333333334
987,5.301599333333334,7.0585993333333334,0.36759933333333333
988,4.073133333333333,9.797133333333333,6.633133333333332
989,8.2821,6.3851,2.5151000000000003
990,3.623466666666667,9.214466666666667,5.691466666666667
991,3.3777666666666666,5.127766666666666,5.843766666666666
992,9.478966666666667,6.790966666666667,5.8539666666666665
993,5.697333333333334,0.8933333333333334,5.9383333333333335
994,2.2559,7.0139000000000005,4.8619
995,7.6738333333333335,10.145833333333332,4.2988333333333335
996,6.098166666666667,1.6291666666666664,3.8351666666666664
997,8.132133333333332,9.003133333333333,0.34613333333333307
998,9.922032,0.41003200000000006,9.617032
999,7.801266666666667,5.0822666666666665,1.5752666666666668
1000,5.8933333333333335,6.620333333333333,1.3363333333333334
1001,5.9915666666666665,10.666566666666666,4.987566666666667
1002,6.343866666666667,0.2118666666666667,2.0598666666666667
1003,2.4898320000000003,4.381832,0.2688320000000001
1004,5.626430666666667,2.7674306666666664,0.14043066666666662
1005,5.723966666666667,7.033966666666666,8.321966666666667
1006,9.289566666666666,2.6205666666666665,9.173566666666666
1007,9.513800000000002,5.2338,0.8998000000000002
1008,2.768332,9.986332,0.383332
1009,4.501498,0.024498000000000075,2.208498
1010,11.171734666666667,4.440734666666667,2.114734666666667
1011,1.2089666666666667,1.7239666666666669,4.372966666666667
1012,0.9587999999999999,8.1528,2.0187999999999997
1013,10.986467333333332,10.669467333333332,9.507467333333333
1014,10.684733999999999,10.369734,0.15673399999999976
1015,4.097766666666666,3.5897666666666668,1.3247666666666664
1016,2.3888000000000003,10.4098,8.5008
1017,6.207233333333333,7.150233333333333,6.228233333333334
1018,8.092500000000001,6.5745000000000005,8.281500000000001
1019,5.321233333333333,3.6552333333333333,6.108233333333333
1020,4.600766,0.11876599999999998,9.158766
1021,7.0084333333333335,5.965433333333333,9.693433333333333
1022,6.728366,8.488366,0.23436599999999985
1023,5.900333333333334,7.233333333333334,7.702333333333334
1024,8.070400000000001,4.6504,8.797400000000001
1025,1.1224333333333334,0.5754333333333332,7.2344333333333335
1026,7.329266666666666,7.153266666666667,4.092266666666667
1027,4.252866666666667,4.019866666666667,5.3958666666666675
1028,6.219866666666666,7.375866666666666,8.990866666666667
1029,7.7079666666666675,3.9809666666666668,4.9819666666666675
1030,4.985966666666666,2.840966666666667,6.886966666666667
1031,10.898200000000001,1.6342,0.47320000000000007
1032,6.6229000000000005,7.9769000000000005,1.5779
1033,1.4097333333333335,0.6037333333333335,4.843733333333334
1034,9.9233,8.863299999999999,6.1863
1035,11.281768,5.546768000000001,10.947768
1036,6.6325,4.1155,9.9895
1037,10.180900000000001,0.7329000000000003,8.195900000000002
1038,11.020868,1.141868,7.1838679999999995
1039,8.365933333333333,8.023933333333334,2.7299333333333333
1040,8.570466666666666,2.394466666666667,5.703466666666667
1041,7.955033333333333,10.908033333333332,3.6140333333333334
1042,7.362666666666667,10.519666666666668,9.414666666666667
1043,7.091233333333333,9.984233333333334,3.092233333333333
1044,6.572299999999999,9.7153,3.4103
1045,5.651466666666667,0.45246666666666674,8.699466666666666
1046,0.22513200000000022,0.9151320000000002,9.411132
1047,2.125633333333334,9.308633333333335,4.918633333333334
1048,10.175533333333332,9.118533333333332,6.396533333333333
1049,1.3410333333333333,4.4360333333333335,3.734033333333333
1050,2.108166666666666,8.854166666666666,8.228166666666667
1051,0.4048333333333335,9.548833333333334,1.7718333333333334
1052,3.650433333333333,5.189433333333334,2.2244333333333333
1053,5.3999,4.307899999999999,1.0749
1054,2.7924626666666668,0.1224626666666668,1.3454626666666667
1055,2.265966666666667,1.7239666666666669,10.145966666666668
1056,4.845266666666666,9.611266666666666,7.977266666666666
1057,10.898767999999999,0.6237679999999999,2.660768
1058,5.181364666666667,0.025364666666666626,8.175364666666665
1059,2.1180333333333334,7.562033333333334,9.982033333333334
1060,9.989700000000001,8.9827,1.5927000000000002
1061,4.393666666666666,1.9246666666666667,9.740666666666668
1062,9.445099999999998,0.12909999999999977,2.0531
1063,8.396266666666667,9.541266666666667,4.451266666666667
1064,7.468866666666666,10.724866666666667,1.6748666666666665
1065,5.637666666666666,7.648666666666666,6.0776666666666666
1066,9.3676,6.4416,4.7296000000000005
1067,7.7077333333333335,10.247733333333334,2.615733333333333
1068,5.104433333333334,9.840433333333333,8.530433333333333
1069,5.885433333333333,7.166433333333333,4.662433333333333
1070,9.106302,2.436302,11.118302
1071,8.991800000000001,8.0228,6.2058
1072,6.865802,4.161802000000001,11.242802000000001
1073,10.002901333333332,10.804901333333333,5.546901333333333
1074,8.284766666666666,6.415766666666666,7.408766666666667
1075,2.7661000000000002,2.3331,5.3771
1076,8.834999999999999,5.973,3.3059999999999996
1077,4.910333333333333,3.699333333333333,0.16733333333333328
1078,9.736933333333335,5.427933333333334,10.505933333333335
1079,2.7797,0.6426999999999999,8.1537
1080,6.088033333333334,10.033033333333334,5.485033333333334
1081,8.977333333333334,9.546333333333333,7.436333333333334
1082,3.0496333333333334,5.986633333333334,3.906633333333333
1083,7.0555666666666665,4.285566666666667,1.8865666666666667
1084,11.016333333333334,2.3703333333333334,0.7943333333333334
1085,10.382466666666666,5.611466666666667,5.4164666666666665
1086,5.937899999999999,7.671899999999999,10.3699
1087,0.6789333333333335,2.7969333333333335,7.161933333333334
1088,1.5334999999999999,10.3315,0.04749999999999998
1089,9.964133333333335,6.3571333333333335,3.564133333333334
1090,3.954633333333333,11.090633333333333,3.054633333333333
1091,2.5923999999999996,7.7984,6.7264
1092,4.900600000000001,6.6006,8.9976
1093,1.9617,7.1316999999999995,9.0837
1094,10.1972,6.574199999999999,7.414199999999999
1095,1.8010333333333333,10.480033333333333,3.9240333333333335
1096,0.39519999999999966,9.592199999999998,3.4331999999999994
1097,5.1026,0.7215999999999999,6.4186000000000005
1098,10.561733333333333,5.096733333333334,10.282733333333333
1099,10.760433333333333,4.360433333333333,5.800433333333333
1100,2.3872333333333335,7.2702333333333335,5.5892333333333335
1101,6.371566666666666,5.504566666666666,7.171566666666666
1102,3.6160666666666663,8.962066666666665,1.3000666666666665
1103,2.7902,0.9852000000000001,5.873200000000001
1104,1.2974999999999999,8.8455,5.471500000000001
1105,2.9286999999999996,10.2437,10.2097
1106,8.426100000000002,10.9831,4.7921000000000005
1107,0.08913266666666665,8.361132666666666,10.276132666666665
1108,3.806566666666667,3.6025666666666667,6.530566666666667
1109,9.767166666666666,3.393166666666667,4.9751666666666665
1110,7.582466666666667,10.689466666666668,4.421466666666666
1111,11.000269333333332,5.511269333333333,2.2962693333333335
1112,0.5913999999999999,6.5653999999999995,5.5154
1113,5.504700000000001,1.8587000000000002,8.3317
1114,2.5845,6.549499999999999,5.6884999999999994
1115,4.6614,6.2914,3.2333999999999996
1116,0.18369933333333355,5.555699333333333,9.098699333333334
1117,0.28759999999999997,4.8216,5.9026
1118,8.3765,2.2375,1.8994999999999997
1119,5.533266666666666,2.299266666666666,6.054266666666666
1120,8.956566666666667,4.439566666666667,8.011566666666667
1121,8.0985,3.6365,7.2425
1122,7.537735333333334,11.230735333333334,7.276735333333334
1123,9.5911,5.5481,5.8121
1124,7.039866666666666,1.1978666666666666,1.6768666666666667
1125,9.429466666666666,5.279466666666666,8.766466666666666
1126,6.401433333333334,6.409433333333334,3.8334333333333332
1127,5.8304,5.8044,5.0794
1128,2.8319,6.6569,9.4399
1129,4.1523666666666665,8.628366666666667,3.4593666666666665
1130,9.835799999999999,6.409800000000001,5.085800000000001
1131,4.518766666666667,3.5467666666666666,10.344766666666667
1132,1.8844333333333332,5.452433333333333,6.804433333333333
1133,10.021266666666666,3.365266666666667,2.2792666666666666
1134,5.290733333333334,7.339733333333334,4.423733333333334
1135,2.568666666666666,6.563666666666666,8.118666666666666
1136,5.5564,8.5184,6.2554
1137,3.2741666666666664,0.21616666666666645,8.893166666666666
1138,7.990033333333334,4.776033333333333,0.5780333333333334
1139,10.644033333333333,3.366033333333333,9.446033333333332
1140,10.0123,3.5002999999999997,1.1792999999999998
1141,3.7253,1.6192999999999997,10.9643
1142,3.988166666666667,4.299166666666667,9.541166666666667
1143,0.37106600000000006,7.0990660000000005,4.412066
1144,9.293099999999999,1.2941,0.1770999999999999
1145,5.1712,5.1442000000000005,7.8462000000000005
1146,7.286066666666667,8.775066666666667,1.959066666666667
1147,6.352633333333333,2.121633333333333,10.280633333333334
1148,1.6259666666666668,4.287966666666667,4.805966666666667
1149,2.2115319999999996,9.074532,0.4085319999999999
1150,3.0602326666666664,0.15523266666666657,4.629232666666667
1151,3.963633333333333,6.298633333333334,1.4786333333333332
1152,2.6143666666666663,10.265366666666667,1.3873666666666666
1153,2.5614333333333335,9.032433333333334,2.9984333333333333
1154,8.628898,-0.014102000000000253,0.5288979999999998
1155,9.335933333333333,5.932933333333333,2.102933333333333
1156,1.3948,8.6708,9.6038
1157,3.4667,4.5987,8.5747
1158,4.340133333333333,6.317133333333333,10.012133333333333
1159,10.877301333333332,1.158301333333333,4.775301333333333
1160,1.1735680000000002,3.621568,10.790568
1161,10.060566666666666,2.168566666666666,7.341566666666666
1162,1.301800666666667,11.172800666666667,4.410800666666668
1163,10.095999999999998,5.099,0.8639999999999998
1164,11.001533333333334,3.175533333333333,2.8055333333333334
1165,5.108666666666666,8.272666666666668,3.7666666666666666
1166,0.024498666666666582,6.391498666666666,8.639498666666666
1167,0.22026533333333334,10.792265333333333,6.470265333333334
1168,3.642266666666667,2.858266666666667,7.582266666666667
1169,1.8869000000000002,7.1509,1.9159000000000002
1170,3.593366666666667,6.932366666666667,4.551366666666667
1171,0.6149333333333333,0.8419333333333333,3.4929333333333332
1172,8.606366666666668,9.220366666666667,7.563366666666666
1173,9.0769,1.0029,4.7669
1174,5.2125666666666675,2.984566666666667,3.601566666666667
1175,1.4825293333333334,8.786529333333334,0.04552933333333334
1176,0.48023333333333323,10.831233333333333,9.621233333333334
1177,8.8285,1.7254999999999998,9.2535
1178,7.5218,7.1358,3.4567999999999994
1179,10.846833333333334,6.710833333333333,7.388833333333334
1180,9.549366666666666,9.922366666666667,2.3083666666666667
1181,10.537633333333334,10.533633333333333,10.518633333333334
1182,2.3057320000000003,5.6957320000000005,0.07373200000000013
1183,7.710133333333332,9.735133333333334,1.4311333333333331
1184,7.012066666666666,5.262066666666666,10.060066666666666
1185,6.697466666666667,6.962466666666667,9.904466666666666
1186,0.2630640000000002,3.755064,10.161064000000001
1187,0.1710313333333332,9.721031333333332,7.319031333333333
1188,4.571666666666666,4.141666666666667,6.254666666666666
1189,2.481466666666667,5.708466666666666,1.2674666666666665
1190,0.37826533333333345,5.945265333333333,4.282265333333334
1191,1.3009,5.4639,5.8679
1192,1.9483333333333333,1.0433333333333332,6.443333333333333
1193,0.3757333333333333,8.442733333333333,1.2287333333333335
1194,3.7951,0.27410000000000007,0.36610000000000004
1195,8.842333333333332,0.6003333333333332,2.424333333333333
1196,5.824866666666667,2.6108666666666664,0.9658666666666668
1197,9.317366666666667,9.381366666666667,0.7953666666666664
1198,2.9749,3.7789,1.0879
1199,8.479766666666666,2.449766666666666,3.7317666666666662
1200,9.6281,7.2541,9.2671
1201,11.230701999999999,6.482702,2.931702
1202,10.205033333333335,1.1000333333333334,1.5800333333333336
1203,1.346833333333333,6.5538333333333325,2.461833333333333
1204,1.8012666666666668,9.956266666666666,9.812266666666666
1205,7.765600000000001,8.322600000000001,5.583600000000001
1206,0.42860000000000004,1.2186000000000001,0.8316000000000001
1207,0.32459866666666676,3.970598666666667,0.33759866666666677
1208,1.9030333333333334,0.32103333333333334,5.353033333333333
1209,6.2434666666666665,4.437466666666667,8.627466666666667
1210,9.606666666666666,10.610666666666665,3.724666666666667
1211,5.816066666666666,3.8840666666666666,7.283066666666667
1212,6.6856333333333335,1.1056333333333332,6.639633333333333
1213,3.4867,7.4667,1.4887000000000001
1214,4.339933333333334,0.7619333333333334,5.494933333333333
1215,4.2805013333333335,7.099501333333333,10.667501333333334
1216,0.3992,5.1922,0.9872
1217,5.6408000000000005,7.7808,1.6038000000000001
1218,2.2504,7.0514,1.9723999999999997
1219,3.8211999999999997,7.2332,7.1972000000000005
1220,4.705933333333333,9.137933333333335,0.7949333333333335
1221,7.813866666666666,7.964866666666666,3.6438666666666664
1222,7.194866666666667,7.561866666666667,7.297866666666667
1223,9.316833333333333,0.8988333333333332,11.019833333333333
1224,9.601333333333335,3.1373333333333338,9.837333333333335
1225,3.1533333333333333,5.3053333333333335,7.264333333333334
1226,7.319866666666667,2.798866666666667,9.456866666666668
1227,5.468436666666667,11.285436666666667,6.616436666666667
1228,8.137033333333333,7.722033333333333,0.775033333333333
1229,8.505433333333334,9.875433333333334,3.1234333333333337
1230,1.2855666666666667,6.596566666666667,8.672566666666667
1231,2.011933333333333,9.674933333333334,6.196933333333333
1232,2.601933333333333,5.149933333333333,8.890933333333335
1233,0.1552980000000001,2.119298,6.2652980000000005
1234,5.8225,7.4905,3.8455
1235,7.873566666666666,6.7015666666666664,1.5575666666666668
1236,0.7414000000000002,5.4634,10.1654
1237,1.0684666666666667,7.679466666666667,5.159466666666667
1238,5.730266666666666,9.340266666666666,10.140266666666667
1239,3.8021000000000003,9.0221,9.0491
1240,2.785533333333333,4.816533333333333,6.052533333333333
1241,5.399,4.7379999999999995,10.647
1242,8.787,2.285,6.02
1243,7.821298666666666,3.760298666666667,0.007298666666666731
1244,3.5363333333333338,8.918333333333333,7.746333333333333
1245,9.723466666666665,11.006466666666666,11.020466666666666
1246,7.942633333333333,5.1056333333333335,2.8126333333333333
1247,2.3548333333333336,0.7928333333333334,1.8878333333333335
1248,2.1587,4.7537,8.224699999999999
1249,1.7709666666666666,10.962966666666665,9.697966666666666
1250,7.045333333333334,7.404333333333334,10.503333333333334
1251,2.547166666666667,0.6801666666666667,2.978166666666667
1252,1.6836333333333338,4.9436333333333335,6.9886333333333335
1253,5.200333333333333,9.250333333333334,1.4723333333333333
1254,9.273766666666667,8.116766666666667,9.615766666666666
1255,8.504766666666665,4.957766666666667,8.086766666666666
1256,3.6982666666666666,1.1912666666666667,4.842266666666667
1257,2.7690333333333332,10.212033333333332,6.406033333333333
1258,9.723166666666668,10.015166666666667,3.835166666666667
1259,10.051633333333333,3.6056333333333335,7.9886333333333335
1260,4.760733333333333,3.6057333333333332,8.410733333333335
1261,3.6220333333333334,7.719033333333334,6.4440333333333335
1262,9.935066666666666,6.873066666666666,2.7260666666666666
1263,4.838964666666667,4.965964666666666,0.3259646666666666
1264,3.1823666666666663,4.2373666666666665,3.3043666666666662
1265,6.936233333333333,5.100233333333334,0.1612333333333334
1266,7.951866666666667,10.061866666666667,6.750866666666667
1267,7.357,2.3600000000000003,7.777
1268,4.0388,5.1697999999999995,2.4747999999999997
1269,5.0958000000000006,6.3758,10.0718
1270,0.5949999999999999,4.117999999999999,6.495
1271,6.941133333333334,8.562133333333335,3.7681333333333336
1272,2.7213333333333334,5.391333333333334,3.6103333333333336
1273,6.167166666666667,6.051166666666667,8.760166666666668
1274,6.0372,3.5722,1.7772000000000001
1275,10.5153,8.1963,4.1453
1276,3.0640666666666667,7.144066666666666,10.862066666666667
1277,3.9856000000000003,6.7456000000000005,4.0056
1278,1.2559000000000002,8.9049,4.812900000000001
1279,2.9022333333333337,2.5062333333333338,1.4002333333333334
1280,1.2071000000000003,7.6181,6.8071
1281,0.10809933333333294,7.378099333333333,8.924099333333332
1282,11.150134,2.6911340000000004,8.060134
1283,2.2324006666666665,11.150400666666668,10.922400666666666
1284,10.700966666666668,4.976966666666667,6.764966666666667
1285,7.719133333333334,2.6411333333333333,9.262133333333333
1286,7.916633333333334,8.423633333333335,1.2916333333333339
1287,6.821999999999999,9.369,0.7919999999999997
1288,7.486733333333333,1.895733333333333,5.308733333333333
1289,8.797799999999999,5.1777999999999995,4.0628
1290,8.121,1.047,8.527
1291,8.455733333333335,4.397733333333333,1.3857333333333333
1292,1.2065666666666668,8.181566666666667,4.005566666666667
1293,6.5592999999999995,5.9973,4.210299999999999
1294,8.1191,7.4671,9.3291
1295,9.234235333333334,11.195235333333335,8.893235333333333
1296,8.059733333333334,3.7387333333333337,2.660733333333334
1297,6.7462,0.6971999999999999,9.1832
1298,8.792366666666668,6.711366666666667,2.5303666666666667
1299,10.421299999999999,10.6223,3.0953
1300,10.743833333333333,4.124833333333332,8.486833333333333
1301,1.1885666666666665,2.8465666666666665,1.3515666666666666
1302,3.3622000000000005,11.0272,6.038200000000001
1303,6.6873,6.3023,6.9923
1304,10.436166,8.914166,0.079166
1305,6.161666666666667,5.625666666666667,2.0976666666666666
1306,3.988866666666667,3.320866666666667,3.0798666666666668
1307,1.636866666666667,5.195866666666666,4.786866666666667
1308,1.7185000000000001,10.9585,0.6155
1309,1.722866666666667,1.765866666666667,3.725866666666667
1310,6.593133333333333,3.0481333333333334,6.000133333333333
1311,10.965033333333334,3.0830333333333333,10.916033333333333
1312,9.416236,6.800236,11.010235999999999
1313,5.896166666666667,1.8541666666666665,2.4891666666666667
1314,10.9108,2.5888,7.1208
1315,7.5774333333333335,1.5954333333333333,7.903433333333334
1316,1.4619,3.9838999999999998,0.44889999999999997
1317,3.1950000000000003,8.935,5.806
1318,4.035266666666667,9.204266666666667,0.5872666666666669
1319,5.1055,0.1875,1.4115
1320,2.4191666666666665,4.011166666666667,9.699166666666667
1321,4.175933333333334,2.926933333333334,6.041933333333334
1322,10.245066666666666,0.9190666666666668,9.175066666666666
1323,3.7248,0.7378000000000001,10.1348
1324,6.398533333333333,7.085533333333332,8.115533333333332
1325,7.1905,9.683499999999999,6.2425
1326,2.1335333333333333,4.390533333333334,9.218533333333333
1327,6.597766666666667,5.210766666666667,3.637766666666667
1328,10.140766666666668,5.3627666666666665,1.7657666666666667
1329,3.263133333333333,4.718133333333334,10.087133333333334
1330,0.8239666666666666,1.4789666666666665,0.5439666666666666
1331,7.651466666666667,0.6094666666666666,0.6894666666666667
1332,8.6493,9.3283,8.6553
1333,8.580633333333333,10.076633333333332,0.36063333333333325
1334,4.213566666666666,0.8705666666666665,2.2435666666666663
1335,4.927499999999999,5.8245,5.9765
1336,5.9632000000000005,9.0512,5.6452
1337,5.515633333333334,5.422633333333334,8.913633333333333
1338,4.543966666666666,1.2519666666666662,8.153966666666665
1339,4.599633333333334,8.249633333333334,8.302633333333334
1340,1.1600333333333335,0.6390333333333333,4.169033333333333
1341,1.0294666666666665,1.6984666666666666,7.146466666666667
1342,5.5645,5.8715,7.1875
1343,0.2572333333333332,2.380233333333333,10.269233333333334
1344,5.037665333333334,0.22166533333333344,3.0546653333333333
1345,9.7369,2.7949,0.27690000000000003
1346,10.392866666666666,7.238866666666667,6.228866666666667
1347,9.215233333333332,7.325233333333334,4.168233333333334
1348,5.322733333333334,4.523733333333333,9.489733333333334
1349,1.3867999999999998,9.803799999999999,0.9687999999999997
1350,10.577033333333333,10.474033333333333,7.977033333333333
1351,9.299433333333335,5.8594333333333335,3.6434333333333337
1352,11.075099999999999,2.4810999999999996,4.3201
1353,9.221599999999999,1.8265999999999998,2.5635999999999997
1354,8.462166666666667,4.127166666666667,7.320166666666667
1355,6.916033333333334,0.46703333333333347,4.931033333333334
1356,2.8182333333333336,1.2162333333333333,7.273233333333334
1357,7.318066666666666,6.488066666666666,4.199066666666666
1358,10.111533333333334,7.275533333333333,0.5065333333333334
1359,0.7224666666666667,3.3054666666666668,4.029466666666667
1360,6.703000666666666,11.120000666666668,7.011000666666667
1361,1.1300999999999999,7.7040999999999995,7.3591
1362,2.825666666666667,5.071666666666667,5.578666666666667
1363,4.3043,10.5853,7.2753
1364,3.7045,8.1825,8.7285
1365,4.7203333333333335,6.7123333333333335,5.410333333333333
1366,10.6494,0.5683999999999998,1.5834
1367,5.028333333333333,4.126333333333333,4.213333333333333
1368,5.1115,8.6155,10.214500000000001
1369,2.1726,10.7266,3.4706
1370,2.524333333333333,0.5923333333333333,0.19633333333333328
1371,4.0277666666666665,4.568766666666667,0.9407666666666665
1372,4.829033333333333,10.432033333333335,0.8310333333333335
1373,8.727466666666666,8.178466666666665,10.734466666666666
1374,7.520099999999999,4.0630999999999995,9.1351
1375,2.9808333333333334,2.8858333333333337,4.678833333333333
1376,4.426666666666668,8.943666666666667,4.549666666666667
1377,3.4353666666666665,0.14536666666666664,0.8253666666666667
1378,7.286366666666666,4.562366666666666,6.732366666666666
1379,5.3101,8.6311,9.1931
1380,0.5285679999999998,10.722567999999999,1.5195679999999998
1381,4.278433333333334,8.060433333333334,5.487433333333334
1382,10.968933333333334,9.407933333333334,3.253933333333334
1383,10.125066666666667,7.783066666666667,4.981066666666666
1384,9.927329333333335,0.07232933333333363,8.367329333333334
1385,9.180466666666666,3.0234666666666663,6.606466666666666
1386,10.052333333333333,8.530333333333333,5.286333333333333
1387,9.178766666666668,1.872766666666667,10.157766666666667
1388,9.5467,6.1137,7.5697
1389,4.626365333333333,10.730365333333333,0.38236533333333333
1390,6.838466666666667,1.310466666666667,11.025466666666668
1391,7.564333333333333,10.580333333333334,8.961333333333332
1392,6.877833333333334,6.368833333333334,4.419833333333334
1393,7.762366666666667,5.709366666666667,9.295366666666666
1394,1.9943999999999997,0.7293999999999999,2.2574
1395,0.13853133333333334,5.514531333333333,8.540531333333332
1396,7.1576,3.5555999999999996,6.8086
1397,10.2515,7.7595,0.5754999999999999
1398,9.668766666666667,9.943766666666667,8.590766666666667
1399,6.447433333333334,2.7634333333333334,4.388433333333333
1400,6.437466666666667,0.647466666666667,5.477466666666667
1401,6.089966666666667,0.3089666666666667,7.260966666666667
1402,8.2188,0.7757999999999999,1.6118
1403,3.6633319999999996,3.4373319999999996,0.21633199999999989
1404,1.7168666666666668,3.5088666666666666,7.417866666666667
1405,7.765633333333334,7.821633333333334,6.987633333333334
1406,5.716399999999999,1.6733999999999998,4.8313999999999995
1407,0.3382666666666666,5.076266666666666,3.7342666666666666
1408,4.8687,1.7597,9.424700000000001
1409,2.456833333333333,7.538833333333333,9.076833333333333
1410,10.852566666666666,6.844566666666666,1.1445666666666665
1411,5.850734666666667,11.132734666666666,0.7907346666666666
1412,3.1117333333333335,1.7737333333333334,2.2717333333333336
1413,4.608933333333334,1.9889333333333332,4.650933333333334
1414,10.2527,9.9147,5.2987
1415,0.6524000000000003,3.7724,9.861400000000001
1416,4.422833333333333,9.747833333333332,4.4318333333333335
1417,5.186366666666667,10.847366666666668,11.021366666666667
1418,5.804566666666667,3.7715666666666667,5.152566666666667
1419,2.1839999999999997,2.473,7.672000000000001
1420,1.6299666666666666,2.9329666666666667,2.1889666666666665
1421,4.0815,1.2645000000000002,10.066500000000001
1422,3.1748,9.668800000000001,6.9268
1423,1.6764333333333337,0.3564333333333335,8.128433333333334
1424,10.2532,5.3892,7.8742
1425,1.5002333333333329,8.175233333333333,9.859233333333332
1426,8.326233333333333,0.9572333333333332,4.967233333333334
1427,1.686366666666667,11.005366666666667,9.044366666666667
1428,2.6936333333333335,4.450633333333333,4.858633333333333
1429,11.116066666666665,8.014066666666666,6.479066666666666
1430,3.8473999999999995,8.5864,2.6293999999999995
1431,2.0077999999999996,6.7428,3.7868
1432,4.110600000000001,7.751600000000001,3.5756
1433,6.339566666666666,10.481566666666666,0.6655666666666665
1434,9.4033,3.7113,5.3613
1435,8.629633333333334,0.9756333333333334,4.534633333333333
1436,3.151366666666666,1.5623666666666665,8.275366666666665
1437,7.4947333333333335,2.014733333333333,3.7137333333333333
1438,3.687698666666667,0.2826986666666666,10.853698666666666
1439,2.332066666666667,5.029066666666666,7.358066666666667
1440,4.7265,4.1915,5.5685
1441,0.3066666666666672,8.740666666666668,8.961666666666668
1442,10.538566666666668,10.663566666666668,8.991566666666667
1443,5.8749,3.6579,0.5759000000000001
1444,8.505168,11.250168,1.5631680000000001
1445,8.688966666666667,3.435966666666667,5.224966666666667
1446,9.644333333333334,7.794333333333333,7.858333333333333
1447,4.6791,2.6341000000000006,9.689100000000002
1448,5.9093333333333335,7.050333333333334,0.4973333333333333
1449,7.289467999999999,11.001468,5.325468000000001
1450,10.948033333333333,8.414033333333334,2.3850333333333333
1451,1.3657666666666666,5.673766666666666,2.749766666666667
1452,10.192833333333333,2.3198333333333334,2.4188333333333336
1453,8.991266,0.2752659999999998,6.003266
1454,8.793600000000001,2.9706,0.9406000000000002
1455,4.113466666666667,4.771466666666667,6.167466666666667
1456,5.234066666666667,10.241066666666667,7.073066666666667
1457,4.0244,5.6564,4.0324
1458,9.316335333333333,11.178335333333333,1.196335333333333
1459,3.2465333333333333,4.899533333333333,0.1455333333333334
1460,4.1834,3.6624000000000003,3.9534000000000002
1461,-0.018668666666666472,10.020331333333335,0.39033133333333353
1462,8.236533333333334,5.402533333333333,7.225533333333334
1463,2.7993333333333332,7.588333333333334,3.2173333333333334
1464,9.9409,8.1259,2.6679
1465,7.204599999999999,2.8216,4.4106
1466,10.422666666666666,6.280666666666667,6.297666666666666
1467,7.250333333333334,7.415333333333334,2.6343333333333336
1468,9.432466666666667,8.757466666666666,8.325466666666667
1469,6.1103000000000005,4.7163,7.0253000000000005
1470,3.3597666666666663,2.2127666666666665,1.1007666666666667
1471,6.830933333333333,1.0149333333333332,4.236933333333333
1472,1.2577333333333334,10.471733333333335,4.723733333333333
1473,10.4207,4.075699999999999,2.6167
1474,0.27049999999999974,10.2165,2.3385
1475,3.4289353333333334,3.2979353333333337,11.200935333333334
1476,4.787766666666666,5.972766666666667,9.132766666666665
1477,1.0884,4.6944,2.3454
1478,2.5003,8.7843,8.324300000000001
1479,8.591333333333333,9.064333333333334,10.673333333333334
1480,5.240235333333333,11.135235333333332,9.873235333333334
1481,5.5866333333333325,2.5206333333333335,8.466633333333332
1482,10.051,5.811999999999999,2.4759999999999995
1483,7.285866666666667,7.184866666666667,7.523866666666667
1484,10.929566666666666,2.183566666666666,9.344566666666665
1485,0.002062666666666539,2.2610626666666667,2.2520626666666668
1486,11.177734666666666,9.816734666666667,9.496734666666667
1487,1.2149999999999999,1.1569999999999998,9.42
1488,3.5258333333333334,3.048833333333333,7.101833333333333
1489,10.076,3.872,9.665000000000001
1490,6.673,8.638,7.889
1491,1.0825,6.5155,0.6265000000000002
1492,4.420533333333333,4.539533333333334,3.7215333333333334
1493,9.815066666666667,4.856066666666667,10.981066666666667
1494,9.4628,4.439799999999999,1.5547999999999997
1495,5.983666666666666,4.406666666666666,2.417666666666667
1496,4.513733333333334,8.101733333333334,6.607733333333334
1497,8.608799999999999,7.0958,8.8028
1498,8.289200000000001,0.9582000000000004,6.9812
1499,5.043699999999999,0.6416999999999997,10.885699999999998
1500,5.8727,10.656699999999999,3.4667000000000003
1501,0.5599666666666666,5.644966666666667,1.3099666666666667
