res_id,x,y,z
1,12.936792112737583,2.7423157963731475,2.5757936530478633
2,116.29396834170886,4.489731811230071,-0.1274213021629869
3,115.6068745575709,108.61333750272814,10.409129888573286
4,6.273418560192219,11.060111426698743,0.37769040856456765
5,56.07108695652235,110.82537046100136,54.420003823465336
6,90.67379342364019,67.63285339742222,10.906140485033843
7,67.4755139829572,99.4098858422548,66.96505625955855
8,30.437592309373127,69.49250000000167,69.94499016823097
9,77.68780369237516,94.02461055276407,80.49991096788112
10,14.765581712912294,90.75196034520245,24.735809482193204
11,74.90077343237921,97.63698765566944,24.778943084990072
12,72.04980937295306,64.77062704828343,30.853908673803705
13,87.40160312431559,69.27234159929924,68.11379506226716
14,0.7960500000000162,-1.4762651627703673,51.27556423421407
15,103.18860279659219,41.08963349355525,5.167564452698233
16,92.8846526108808,25.855591544680205,83.67911350229517
17,7.943502294079125,49.28763928337346,87.15362901463895
18,118.76144216735847,113.7181306095718,105.15847716845029
19,111.56749359842625,85.28031079309561,110.49478466244427
20,74.67893379943183,24.162427900371924,64.18430030587788
21,115.18918445488536,56.717573738257016,72.40587120384663
22,95.34159165392167,3.660642986672466,79.37030970067539
23,80.67161568713209,63.58175770155074,104.81270592090928
24,7.899238584225463,91.2121334935538,3.520300491588372
25,9.52597116014862,97.3080686038889,58.32420471925016
26,68.3501354599067,19.75984378413823,38.797934236399264
27,8.859276818877044,26.371669761853045,61.87164245138882
28,2.1489297028621643,57.630035503604205,55.256983832203815
29,92.03646438715188,49.88437185929702,62.93895073191997
30,73.17362628359025,15.481561066200463,6.49783003058768
31,88.71216571990315,35.87454937732224,58.85637644745534
32,34.95938114485438,-1.2142698601704085,20.330327725584525
33,-3.37846851649552,26.234119510596962,57.316996941229164
34,56.24496285776742,5.361617019882017,101.14528402883808
35,86.03479298667192,79.51403266331664,99.35677026436521
36,47.91007428446616,50.874865632509554,56.71470067729855
37,48.73143270701324,103.70753878085974,30.896097334498904
38,69.08853889010251,-4.093520428228087,83.0432969193818
39,66.8344368582037,78.24083679265928,8.430576250819357
40,15.141834717063466,30.758012344330453,100.86540037142329
41,103.99580183526278,60.06904358750356,39.640310793095836
42,37.46216462748452,24.738371750055023,105.71698437841279
43,44.20456958706523,83.00073246668286,11.772754533537242
44,62.8077725584441,64.95631144854696,-4.218169827397863
45,8.880890321171094,56.93988038016222,48.49103178938221
46,101.67899442866533,88.75675824776113,103.14618909766202
47,57.84267205593136,98.89246668123005,80.80859241861526
48,85.15465151846186,4.071193663972035,11.896718374481141
49,107.95129987983493,37.984564124973055,76.14250983176768
50,79.0290719903865,6.019721837448059,-0.2657745029495299
51,63.14628905396603,52.98805276382024,107.33673969849204
52,42.061434345641864,92.94178391959704,49.41048339523627
53,84.80536814507428,2.579612409875475,69.28332805331077
54,60.72026982739825,86.19337065763634,69.01154085645662
55,3.7849380707887392,12.223684727987813,19.99620384531367
56,70.74162988857414,118.66192406598182,82.78975038234493
57,103.8855046974012,28.319581603670578,87.302077780204
58,25.101398295826815,82.5957526764253,20.527134585973197
59,86.83341380817194,62.38841053091558,86.29912824994638
60,51.7041632073399,88.34442429538902,113.26647424076847
61,36.760098863884295,8.567923312213184,38.083135241424294
62,6.592797684072541,-4.9961964714878775,49.82279823028135
63,22.271611317457097,105.31066856019251,17.491949967227548
64,57.749440681668084,104.48032444832891,19.526141577452474
65,98.74452916757642,53.988644308498614,44.99015184618807
66,38.93341107712551,14.66282117107271,73.60817402228446
67,38.83794406816702,20.629346733668346,62.657952807515706
68,44.57336464933488,16.010245247978972,60.634962857767334
69,119.1648184291025,104.39092254751806,31.423025999563777
70,60.41150043696781,106.07216735853183,68.595990277474
71,67.08956740222759,105.97346529386097,18.511703080620602
72,25.377733231374858,74.6184110771247,103.42354817565979
73,70.84633384312929,90.63501092418714,29.76494811011625
74,37.83382783482585,51.267648022721445,34.799828490276774
75,25.640674568494326,9.849252239458181,91.44359733449848
76,26.17963567839176,35.99924841599283,107.99278585317886
77,34.168522503822935,63.14663535066649,27.735821498797783
78,66.6519843784138,55.652017150973,49.351453462966916
79,95.0395570242508,16.893831112082296,89.83238147257956
80,47.947524579419216,62.92021411404868,40.08171618964367
81,73.65634367489486,56.61580948219379,83.87115796373072
82,98.017937513655,80.76514693030464,19.752638190954954
83,71.90560629233262,101.80898514310637,9.068752457941905
84,47.56304402446974,45.98980500327734,87.22085044789189
85,14.580227769281061,29.851407035175832,39.425105964605024
86,9.012652938606104,53.135665829146696,4.453180249071455
87,44.628565108149125,5.0579403648678065,76.7920504697404
88,28.921676862573456,60.887512016605505,64.04428938169069
89,85.03191883329697,43.48353561284686,42.679162114922306
90,77.11247268953484,44.601744046319375,101.26958160367093
91,57.361550142013826,26.587101813415213,36.90548175660994
92,86.6793145073203,84.5405096132833,87.89811230063488
93,73.95046755516529,26.060374153376095,23.3427124754203
94,86.63008848590687,56.28110006554607,19.181867489622107
95,79.796545772341,33.71215916539234,34.46202971378587
96,73.89448656325078,65.19295116888948,67.23664572864377
97,89.54973126502144,52.133585317893214,51.983948000875046
98,28.983503932706714,78.92923148350411,77.73233449857798
99,19.383686912825116,29.08166648459702,15.545192811885544
100,97.71471105527635,99.1923421455097,61.3495340834621
101,10.348925606292253,21.014593620275,98.34312103998155
102,99.6839747651297,103.00033646493435,109.85422584662506
103,85.467037360716,23.447460672930017,82.18399169761774
104,1.714514955210832,80.87214769499698,38.426975639064715
105,5.035208105746091,25.04160093947947,34.363469521521004
106,58.690419488746585,23.180973891195187,15.378424186147871
107,55.63981483504398,64.48775890321214,22.546136661568294
108,0.05875810574614293,95.46386989294395,0.5582269281188704
109,43.515299868909615,8.406372623989519,104.2102856674694
110,17.479439589250674,32.043606073846796,110.9535814835056
111,40.621682324666985,37.137658400699365,84.90127157526733
112,51.098698929429,88.32977059209163,53.94891741315282
113,86.16226895346516,97.64295553856223,57.26554511688887
114,15.183907581385192,72.43314507319106,96.19443139611104
115,88.2761486781747,21.042405505790047,42.74195542932084
116,88.89080402010113,58.438164736727316,115.42729774961792
117,82.4628310028394,98.97518844221177,12.850217391304412
118,63.56242899279108,13.129875464278012,11.33576250819314
119,100.67191227878293,7.195259449421042,42.83578217172807
120,50.65036650644535,76.1779178501201,27.777229080183318
121,26.786798121039208,94.55464004806514,41.324258793969534
122,68.47784629670049,113.86366358968948,101.35404304129331
123,100.72461437622816,44.774389884204126,98.84358695652331
124,33.92608477168516,97.70447290801822,85.33179866725038
125,16.19698383220434,81.68744100939627,28.313744811011272
126,70.562418068604,55.52567675333146,74.8344565217372
127,106.9953413808175,115.7375983067499,105.03098754642652
128,47.61762508193143,53.33843183307925,48.36479790255553
129,77.03148077343012,82.77085263273091,101.4422410967882
130,46.79113283810385,82.32884203626726,74.25795444614369
131,31.899977605418584,58.36324339086772,75.39269335809601
132,9.223488638846385,65.60310793095985,94.46725475202018
133,13.662070133275037,37.84498252130238,60.41066473672625
134,6.128834935547341,78.1732745247986,67.69010924186215
135,86.56389174131512,103.04674350011099,14.44232084334702
136,32.82781407035162,102.97284465807148,90.85223017260238
137,96.86735907799704,19.22706630980965,33.04822591216937
138,90.75243609350979,77.64893161459375,33.26147640375829
139,28.79449311776299,91.35118035831444,52.542740332095725
140,82.24403867161955,21.570086301070496,90.11749726895269
141,74.33897203408335,109.90551136115461,78.19365468647564
142,101.27903484815506,46.218903757919946,85.15536978370098
143,90.60537251474759,72.67296755516703,10.293352086519487
144,90.96126119729098,51.4027599956297,79.71288180030557
145,86.44180522176254,73.21928665064567,100.46405724273502
146,4.867940485033891,64.27087557351958,7.925119619838347
147,103.82935438059803,-2.6451810246886707,14.832030259995665
148,79.72113010705878,30.69630107057004,70.85249453790581
149,34.34822536596008,83.05461492243938,61.89507209962879
150,85.23161404850335,44.764042495084084,27.559898405068278
151,37.627451387371124,84.70129779331442,74.595745575707
152,70.19152283154912,48.27334553200735,42.77975802927661
153,67.8090075376869,104.0145291675787,44.97613611535902
154,38.77617926589482,76.868271793751,116.00253656325168
155,72.5331652829368,94.35325049158814,1.4171438387590143
156,54.18343948000963,41.05459416648463,28.827571553419208
157,46.60790583351565,42.806304894035,30.200546755516314
158,3.745835896875686,101.23676425606175,77.00365195543007
159,89.61362246012612,25.675518352632842,51.49285612846896
160,118.06674776054277,66.44562814070326,17.36584607821723
161,52.536333843128624,-3.9269777911295627,46.38588759012496
162,90.90655942757219,91.7563873716396,95.47099464714945
163,101.32361699803067,78.37260814944466,68.0482472143331
164,20.859896220231576,116.39590983176778,100.98267587939348
165,61.800744483286884,99.59471105527447,18.228623552545457
166,83.61335918723901,81.35605800743218,62.73027310465582
167,25.62065982084313,111.24758227004637,63.29278512125708
168,12.810185711164523,42.78163152720119,96.29572154249479
169,39.732249836137534,14.016076032335626,5.7433384312868405
170,24.665339195979676,79.63405724273468,86.8434329254958
171,106.6317459689758,30.820499235306727,62.11437240550578
172,84.22171946689981,88.39839523705568,75.28323738256543
173,52.387843565654094,57.40716189643751,31.044762945160244
174,95.39615140922021,15.218404522612925,82.88230773432392
175,83.71722034083514,35.77432270045881,7.751811230063419
176,100.22410148569101,20.380384531352654,52.977087611974724
177,48.7637153157091,24.723867161896777,17.442260760323315
178,70.20378577670975,91.31878577670989,96.59692211055143
179,36.583714223290706,34.94908783045677,38.7598028184397
180,4.92791972908019,73.15069095477392,20.370396547957267
181,102.86963240113664,73.29115523268575,80.08130980991838
182,11.454310683854075,75.92613119947531,82.03376720559345
183,86.49066309809892,31.693935984269494,41.101506991478864
184,9.740481756609045,73.17186530478219,34.21296100065477
185,64.017387480882,12.518245029495342,100.38485743937191
186,17.134577233996083,58.76992680795336,88.43436803582992
187,71.13887262399005,76.61203626829911,59.18091708542604
188,91.12060847716802,100.97510487218561,78.71261525016283
189,18.949400262180415,48.00740714441762,21.914888573301162
190,3.570020832422982,15.141799759667968,84.95331822154297
191,48.125627594494304,32.183527419707026,79.93730172602399
192,16.273028184400324,96.28519882018922,110.44629697400194
193,32.40890703517586,104.47429156652842,58.59297738693536
194,9.843832204500805,48.54119674459121,45.641501529385536
195,105.66052053747207,1.5430151627703972,88.0198639938809
196,84.82472252567186,7.698442757264581,104.12124863447443
197,55.27769062704895,57.294590889230044,16.667621258466227
198,53.35767424076716,49.60638682543154,23.922926043259302
199,82.21786486781666,49.25169652610888,64.911428337339
200,104.28237327944022,44.694507865413975,42.20352632729032
201,87.23600338649737,59.56973836574348,49.421717282063305
202,90.99744920253481,12.227786759886328,57.31445979899497
203,82.63830729735572,42.56094603451995,37.16923039108536
204,32.34607985580031,31.714385514529173,56.631333843129326
205,16.154331986017162,26.099511688879208,79.796078217173
206,14.730207559536748,47.088130871749314,54.69400808389771
207,40.71313251037805,84.94606401573344,93.89420471924903
208,44.588485361590735,80.44908236836298,46.39365632510292
209,64.91565053528517,16.00727059209093,80.42991861481156
210,12.248311667030848,5.495907111645127,21.905459362027567
211,77.09993172383842,117.6420376775169,91.59755134367471
212,31.13226076032426,54.407242189206826,47.02994756390726
213,78.92972689534633,21.04198874808832,101.1144783701123
214,60.42748798339402,51.64581275944905,64.82820297137742
215,33.085719357657865,80.92946471487701,48.09680249071538
216,52.84118527419626,68.48152556259728,35.89140648896718
217,100.78713786323048,36.49034356565539,70.4732728861703
218,43.645797465589474,75.92659493117503,28.194084006991776
219,96.70628577670824,13.98986290146379,8.902927681887713
220,108.78368331876696,75.66376884422016,76.87684564125003
221,103.65094876556405,45.38312759449351,54.515015293859925
222,3.2040952916757828,23.495310793095268,112.42547639283418
223,96.37463950185708,17.246737491806773,67.84216571990319
224,37.91215479571791,57.78382346515303,61.39585754861266
225,40.81894800087357,51.99099082368296,105.92958393052149
226,-4.401240288398506,11.687401136115401,6.832639829582621
227,46.07873989512806,22.88675660913261,35.00100338649714
228,58.799029932270344,105.06343237928657,75.72428337338881
229,7.38618909766221,67.1946520646716,46.457059209088875
230,78.99978042385786,16.081955429320427,18.251328927245076
231,115.59939909329147,3.0003915883766683,93.39602851212432
232,91.47731374262649,14.454651518461837,41.36139938824542
233,36.32691064015671,87.84562977933281,64.9174382783493
234,74.82842090889177,40.36784138081724,80.94348481538144
235,68.98882401136078,33.95200021848416,86.05829965042516
236,85.33747378195318,19.637931505352746,109.05597519117248
237,106.15613611536037,98.65598973126603,65.1202643653058
238,18.305967336683587,92.0016588376652,72.15455046974019
239,35.16535667467684,19.59903320952587,91.41908236836217
240,60.77503823465283,10.671921564343513,107.56985228315482
241,62.81994319423208,88.47373224819836,19.009010814944237
242,64.3397585754866,52.68641905177886,26.415898514310516
243,19.146846187458916,100.11063851868074,56.13868472798724
244,15.90092200131081,9.314137535503665,107.68472036268184
245,46.63012890539565,66.69180085208538,79.79275180248995
246,90.24731538125505,74.55661350229339,112.85155667467787
247,20.371846733668285,19.603719685383208,14.729145182433946
248,0.3945279003714296,33.44366834170868,13.200062814070295
249,86.74047465588747,5.651134880926358,31.343206248634257
250,9.028467882892702,61.919505680577295,74.9868696744599
251,40.50629178501128,99.41108641031218,23.851046537032786
252,56.66263709853757,96.76334771684547,45.587265676206734
253,59.07823082805216,81.14224983613764,22.49541348044577
254,41.99322700458784,94.10416429976034,108.71546266113108
255,27.970086301070392,73.77812213240155,45.49776108804888
256,80.50756663753592,72.23625518898747,46.608123771029156
257,102.3780096132849,74.32395619401295,94.24025180249181
258,108.3570338649777,103.19856729298398,13.912440463185467
259,105.61917413152746,6.8417821389557085,40.09275726458423
260,69.56745575704572,84.05229462530072,88.66269772777127
261,61.68632510377939,78.71039927900337,66.36993390867306
262,37.21890266550202,53.615921455099965,68.54886443084898
263,29.74243117762679,95.4190239239687,85.18274688660755
264,34.2162114922442,70.44567566091354,113.8372627048273
265,100.40989731265005,53.489735634694505,91.24386934673404
266,7.047184291020406,84.47595695870613,25.826120275289526
267,104.5423000873939,112.52531240987639,69.06332532226355
268,19.298247214332452,11.296118090452245,78.11357930959181
269,44.54389501857067,51.58114157745232,16.078032007865488
270,4.803615883766662,72.72582696089219,95.94807242735526
271,44.97386443085013,50.115328271793466,95.74659984706089
272,79.56123006336138,39.137911841818465,60.23284356565442
273,32.199896220230904,56.89903648678091,89.86714769499646
274,103.51271029058218,8.781656652829287,-1.1984535612846674
275,79.92883111208307,88.68211273760063,57.59381254096691
276,39.45272121476924,94.66397421892219,37.96096788289258
277,42.175435328817855,73.50742298448584,65.90227277692686
278,57.06628359187165,108.24097130216252,8.987123661787052
279,3.319216451824344,99.17204937731981,90.31072372733198
280,104.93231101158197,31.96272121476978,32.38697891632005
281,84.87463786322859,14.625979899497453,22.913543805986485
282,11.947650207559658,106.73710812759369,100.03441009394848
283,40.98499453790708,112.19233568931486,67.22079145728482
284,106.01964619838536,36.145980991916176,47.609166484595704
285,66.3335033864986,50.45562103998288,92.56434509504122
286,31.64057351977287,27.046936858204017,92.01834334717189
287,11.872046100065392,67.83605691501077,73.60458597334429
288,59.87847334498541,45.14377212147696,81.66129287743063
289,86.43422219794738,8.459524797902564,91.64059482193544
290,90.85645346296735,46.222727769279544,89.69669652611184
291,29.561800305877405,75.85481374262449,7.379814835044843
292,17.59005134367495,21.175258903211564,25.707491260650524
293,102.14529386060836,95.7139687568282,114.66771059645887
294,27.51045444614426,85.50005789818829,44.77658072973517
295,26.40819368582063,91.6306188551458,8.962006226785984
296,51.2845062267871,113.50499919160893,4.14044756390644
297,69.32200841162212,2.7857688332969186,34.437815708979734
298,72.21299213458747,0.6398356019226632,26.823412715752568
299,72.97830838977617,25.206088048940387,2.90423343893379
300,73.76568876993494,68.57021902993233,89.39067511470381
301,27.65159930085264,14.006161240987568,31.676107166266167
302,103.36957887262605,64.65238911950925,14.08528184400257
303,14.669758575486219,17.652331767533266,70.44939206903999
304,64.57752075595334,34.776679593620386,13.32079309591444
305,106.15400589905894,37.18915173694561,19.004297574830574
306,91.1262961546867,41.10405560410757,65.92493117762747
307,30.804854708323404,35.62393379943204,28.395178064234507
308,47.1852064671189,56.37741916102275,105.53930590998242
309,64.63506336027906,94.97293095914237,40.82835263272949
310,97.18199257155248,82.22313906488836,74.04249235307094
311,33.575079200349535,92.56818330784378,103.697852305002
312,39.29700076469276,62.34108258684816,54.293049486562815
313,61.488038562378975,53.414640594275824,10.648036377539803
314,67.20769936639567,25.976759886388354,78.51070242516862
315,99.70557351977372,97.1841582914581,26.85779112956055
316,3.4312757373825797,91.01749672274393,30.517453572208645
317,84.28529331439874,69.93977550797408,31.82530751584003
318,102.51217227441646,75.47848700021825,55.89347552982351
319,20.904412824994328,78.20556641905172,57.4965556041087
320,72.72822536596189,10.74337284247331,43.24343074065977
321,53.13585208651798,54.52208324229871,39.23421673585402
322,77.14216626611413,32.66771029058395,6.908790146384107
323,20.44511470395452,63.74880380161588,45.088243937077124
324,18.654515512344382,81.81177408783219,10.929844330347459
325,96.17783209525851,104.63627335590928,19.86313906488965
326,6.180175879396956,36.46563906489005,73.15551726021346
327,100.92688278347933,4.021636497705919,74.99012945160547
328,13.415854817566185,52.959279549923636,95.53710290583173
329,31.90564780423802,17.13997432816274,73.55065708979461
330,55.22965315709028,71.64384640594164,26.53705811667039
331,99.69738147258133,50.44458488092646,66.6908990605198
332,109.49596060738591,114.09643277255854,29.860340834607598
333,56.986831439808626,79.42105254533442,86.05652829364223
334,1.014326065108152,79.49891358968858,51.53819040856482
335,43.016225147476284,56.637998689097195,75.1127201223514
336,48.56992462311537,77.90666812322563,104.77137768188665
337,44.181842910203976,27.67934017915709,116.1258329582683
338,58.00307734323671,45.806689971597315,36.458248852960615
339,113.45131049814155,47.31032007865512,72.0608892287515
340,85.81975748306827,75.97734870002033,75.5001562158618
341,56.3388911951055,107.65384511688798,32.41453736071694
342,18.010676207122618,97.38734269171893,85.63788507755994
343,3.8125341271575413,117.63091752239667,45.98544843784073
344,64.97186912825053,54.98851977277644,58.172896001747404
345,14.649781516277184,56.834766222416405,20.848247760541906
346,35.209440681669854,66.78960345204356,66.66804238584304
347,111.05823630106816,70.47797520209635,50.91942648022702
348,23.89149333624645,88.19840343019627,67.14690190080842
349,14.44492298448773,64.96224983613752,59.97542440463297
350,30.219352195761722,5.470843445488374,85.23677463404078
351,45.420622132400844,21.355789818658607,-0.026189643871536928
352,80.39448874808957,112.15780310246927,54.731771902991916
353,102.87463240113355,59.17579036486827,92.89172547520177
354,52.31224819750885,18.07000054620917,50.617692265677164
355,86.43866178719716,64.73156980554985,57.15345695870658
356,1.4891828162551868,12.887776928118855,63.59842090889231
357,35.32560083023828,6.478552261306535,54.2211180904526
358,76.44659930085172,11.950175333187762,102.9908045663111
359,16.25783864977049,14.987016604762909,3.549060072099638
360,33.15360388901038,28.722290255626042,6.549419379506214
361,104.4457888682525,39.72263819095514,36.94442757264552
362,62.494661896439176,33.09364977059273,47.64804784793453
363,102.89842691719649,66.69702206685712,41.3855926370991
364,78.14171455101607,109.84883291457395,24.79437240550574
365,55.17192538780855,13.96393543805985,92.60403266331635
366,62.57758029276851,1.1245408673803812,2.7096829254970403
367,73.204667358532,65.00352250382396,11.11658127594491
368,14.522831549049656,26.113835481756887,49.89678938169101
369,69.61802436093463,62.19608750273251,112.29979538999338
370,54.294761306532365,86.29080565873171,45.26039108586459
371,50.99232685164975,12.813104653703153,8.843647585754834
372,47.1840408564572,94.14353397421834,102.07795335372457
373,78.96045717719137,72.22072154249352,110.29851791566493
374,16.456852741970827,76.24260323355901,84.25029659165456
375,43.21503604981495,12.509348918505692,15.064141905178154
376,88.85446744592461,79.80556751146881,9.586909547738653
377,25.222244920253477,46.09066036705275,65.64173148350392
378,18.150795826960856,98.25841927026362,43.96820242516957
379,107.32932557352214,96.37797574830479,42.022068494646035
380,101.83537087611914,41.25091599300828,105.2683058007434
381,64.41381909547711,72.03820897968058,102.69384804456973
382,110.11610195542987,80.93732958269702,72.8493341708544
383,56.584366943413045,8.941055822591224,29.03107439370765
384,54.80273923967601,70.15800142014557,62.9945865195544
385,60.93047410967895,115.63921314179478,79.82078326414793
386,108.56507750710274,92.71950076469216,96.70643434564344
387,-3.0453201660476394,34.97928009613235,66.2345848809245
388,60.82509941009542,38.21921892068986,108.46628988420295
389,66.81669379506312,19.178678173476147,58.50641085864193
390,28.74669871094637,1.1344463731701953,40.80630434782549
391,72.95052545335399,11.217796591653956,73.09880380161715
392,34.086245903431276,62.90415610662149,36.35611426698773
393,97.48088322044921,89.48858204063764,40.03510159493068
394,42.5784291020314,65.45616834170858,23.849642779113115
395,67.09043259777242,68.94874207996473,53.442502184837
396,25.2202851212584,39.812309372951326,16.380786541402585
397,15.62438660694792,2.1711549268079526,35.904216189643975
398,52.74813469521546,39.91823082805316,47.5409962857766
399,8.01989294297574,47.26365304784722,74.25914354380522
400,88.14759831767408,102.81636443084996,102.9411410312428
401,67.42461656106711,92.78737983395281,103.74006172165312
402,41.624364212366,41.85072045007634,103.66202971378779
403,80.1042074502954,77.89118035831214,87.3720422766013
404,16.144876010487152,58.11192593401841,41.90354653703279
405,33.03231265020772,100.84261798121001,16.1946378632294
406,17.613128140703285,42.567667140047995,31.62834389337984
407,-3.4595687459034408,83.95787196853804,17.632237273323152
408,53.82551343674993,66.2348066419043,95.63289108586277
409,37.13890648896633,40.9050486126291,49.50603124317208
410,1.9833436202753005,36.23202315927458,33.64675278566772
411,26.788605527638108,68.7443598426888,12.457898186584988
412,23.696999126065275,13.65305112519121,44.81724382783542
413,53.22860552763823,27.702776381909146,44.07784902774656
414,86.97312377102823,79.47321444177499,17.89767915665272
415,35.19009886388457,45.683202971378016,110.28149729080273
416,83.31179156652638,85.66280915446917,7.261065654358733
417,6.4759012453571785,31.798726239895363,48.39894854708361
418,12.97030970067729,95.07226786104388,27.620220122350418
419,112.64836462748654,87.52738693467177,63.203044570678635
420,58.60101868035713,78.36771029058414,109.97109220013058
421,35.21855145291729,103.34673039108354,105.6167806423429
422,77.57515129997758,76.07972252567102,2.2212147039545784
423,57.46636169980382,81.07847498361359,42.53268844221004
424,79.5685274197068,56.12301070570367,79.55831002840134
425,94.28221160148505,85.2247864321605,43.85048612628412
426,88.74690190080683,100.7425262180461,95.19669215643606
427,8.01025125628138,85.06476239895133,40.280556587284075
428,34.140161131745685,14.409194341271695,56.40105254533457
429,44.30860170417401,55.80161896438584,28.381307625081973
430,69.29893489185099,114.17717939698507,44.490802927682765
431,48.48706467118345,29.687857220887167,55.58956794843703
432,102.83863611535912,27.339664627485128,17.154414463622427
433,32.66983504478884,46.42696963076279,35.450793642123735
434,64.27828381035742,75.2878075158399,38.37356073847501
435,41.84333570024027,-1.9331800742844543,98.1591380817148
436,97.84946362246053,60.34181942320338,5.8271747214332485
437,109.82008474983657,106.78538016167631,75.53210399825211
438,96.77594876556698,104.72309318330672,77.08560083023657
439,89.54987382565197,64.59900043696727,96.75690244701785
440,57.722584116235694,1.2254582805331002,41.09659220013174
441,71.22771520646614,43.29289709416737,74.6710350666376
442,76.62715807297447,52.43457341053103,37.171061284683624
443,48.82254369674497,101.24340670745123,56.7979211273754
444,66.90671455101769,40.31594330347337,60.6430533100281
445,-0.30045001092418316,35.92134640594278,80.60394417740805
446,12.95924404631852,11.876453462967042,53.34238038016063
447,88.16689534629529,40.82085700240416,96.45385842254825
448,113.37325595368053,50.66625191173183,90.23369292112685
449,35.98454173039123,65.65729790255678,14.17191883329691
450,44.694268079529344,21.757742516932478,84.10688769936642
451,65.25418997159713,65.49205593183362,62.32776381909597
452,21.49963185492677,32.37780533100313,62.51274524797978
453,1.2088163098099294,8.844725256718458,79.88839632947283
454,36.05699639501883,50.69804238584317,95.06969412278713
455,84.95897640375736,44.56458160367011,107.84008003058796
456,59.12162661131813,43.28625409656983,13.690420034957418
457,40.555601922656734,77.67883438933887,22.828312213239787
458,68.4264015730823,112.44669280096157,110.89061692156368
459,31.94862792221992,89.81637699366469,5.964503899934449
460,33.09942374918062,94.4011126283575,18.23376283591869
461,72.47874207996342,97.07690080838752,50.01888081712957
462,52.805895237055736,12.393708761197251,38.7123202971382
463,109.89887303911027,63.497835918725066,105.49851048721924
464,91.00833570024155,37.23383548175695,110.98294177408852
465,36.834763491369685,58.65344821935588,83.37264146821116
466,36.23522503823448,102.01143926152302,42.23491697618584
467,75.99007046100033,91.16194996722729,53.528878632289995
468,24.614336901900845,9.79500436967455,70.99764365304776
469,15.70113720777808,54.91906434345599,5.656396875682788
470,105.08417249290208,88.5477162988851,50.9637453572203
471,23.55485689316166,12.060166047629485,9.68836956521754
472,65.52193358094858,62.667979025562715,82.35097225256786
473,72.80853779768525,57.69926097880801,7.412205046973989
474,97.1253539436296,8.277607603233578,68.19345040419718
475,75.56840233777832,62.22616342582468,50.23463185492709
476,103.61194996722568,4.67554236399388,54.469260432598155
477,83.89919051780723,36.10437240550594,82.67694505134442
478,12.383009613283708,105.53635678391919,74.74530369237316
479,29.04632674240752,59.6658679265891,7.66169434127153
480,51.82408946908423,76.22903320952543,54.70699147913427
481,32.842675333187145,94.92275398732905,46.04426097880728
482,61.2450595368146,89.32556423421472,31.48770318986238
483,74.29409329255124,24.038990058991452,31.10315435875072
484,26.17137644745445,30.303707668778188,77.15601321826648
485,102.78269718155794,10.057823902119349,27.927327944067848
486,34.54602632728884,6.0614743172383765,26.154311776272735
487,57.05645728643129,26.233318221542053,21.89340889228744
488,79.95366451824094,94.11001037797764,25.892159165392098
489,55.37428064234069,14.420050797465565,22.901715097225704
490,21.993053310028408,24.689734542276156,117.99467843565658
491,34.61610443521976,71.09999453790691,53.93779440681698
492,107.21459955210781,12.64780587721218,91.68192811885321
493,110.86421492243933,53.36565162770358,46.10641686694263
494,24.362414245138762,37.934604544461216,48.43872733231522
495,36.2013480445703,28.512445925279437,83.66171455101502
496,61.402149879833345,23.633018898841964,72.01615905614868
497,23.450144745465785,20.190025125628175,111.94942230718968
498,85.64241806860373,47.39924950841124,18.616090779986905
499,27.320573519772584,45.032327944068186,20.025578435656715
500,3.21171500983175,48.30383821280371,12.344798994974916
501,29.009587611972623,36.5900344111856,65.75095695870746
502,53.91515621586236,106.19575977714767,94.78347334498477
503,14.332685711164519,5.368610847716883,86.66951441992744
504,21.558731701988776,91.3837590124528,97.49053091544731
505,59.691579091107634,95.80940681669082,1.760666244264805
506,102.06602086519605,27.13611317456938,45.80260760323309
507,33.010940026217995,4.314950841162347,67.98360334280095
508,83.07090069914445,42.6530341927023,96.44564561940241
509,76.22040583351468,9.88808826742397,60.867532226348466
510,10.614040856456224,31.043287633821052,27.555522176098147
511,9.424470723181164,21.64487710290595,57.920190627047326
512,113.60585372514862,44.71274197072301,107.88082904741275
513,100.20902556259703,19.664743281625576,10.485417303910825
514,55.22350502512687,88.73512672055824,25.852417522394582
515,80.76758357002362,17.958187677518,113.38926195106086
516,32.43503987327931,84.92436530478231,17.89568767751799
517,61.51271083679248,93.01735634695325,77.74790747214266
518,11.296018680358271,101.11465315709131,12.968505025125737
519,30.11310847716746,-3.3907684618745892,3.4325389774961774
520,77.62097170635771,61.04957013327609,37.76251420144206
521,96.67068440026293,82.32622897094258,108.64773384312716
522,90.33741970723149,18.20252075595363,69.96302162988772
523,13.222223071881093,55.24971870220719,36.78528184400269
524,113.09297214332507,106.196208761197,58.296793205156135
525,98.52887590124496,116.06418639938963,29.77015730828035
526,21.446956521739,24.045063360279343,49.44138682543078
527,25.636256281407018,21.719571225693663,34.876912824994356
528,23.653625191173354,50.05656762071215,100.2792751802509
529,62.278736071662195,79.51307515840153,79.87005298230179
530,92.37728315490581,45.053316582913524,28.234938824557588
531,67.2723940353944,80.16817566091432,95.30057351977402
532,118.71888343893265,98.68906762070908,67.11918232466721
533,82.61987764911528,91.35609514966043,47.052504915884064
534,60.09674186148008,31.607184837229454,105.31153921782865
535,27.63948219357629,105.16795444614483,76.74126556696706
536,57.80569368582114,48.30041730391066,58.048867708105675
537,6.816573082805318,35.37879069259341,84.43276545772211
538,74.22772886169896,47.44674841599321,53.65448219357659
539,91.91821553419199,19.673491916102307,16.066195105964756
540,26.036208214988193,10.162993773213842,49.13031516277077
541,87.40656762071086,90.01102305003509,18.418046755516787
542,110.52581186366655,101.77919761852812,43.655117981209756
543,104.18409493117947,27.008887371640586,40.73849355473071
544,102.05579965042696,24.56921072755092,102.68755079746613
545,40.52800906707496,41.09117435001125,73.04052982302845
546,91.71666320734039,83.31291238802825,22.909538999344583
547,75.0385306969634,16.57686803583118,59.80631144854699
548,90.69971433253322,90.64563524142275,51.593417085426886
549,103.74351649552243,49.27736235525555,31.39944122787842
550,64.79216298885902,31.5789966135018,99.06817402228575
551,90.10253168013797,27.517051015949065,75.31199584880854
552,95.31891795936295,103.88134476731334,56.84355964605643
553,25.928303473891052,78.59676534848153,28.88574666812309
554,72.04589469084604,39.3075234870007,29.25248852960455
555,16.896656106620004,106.7534770482856,65.34236180904615
556,50.28581221323958,35.97812322481986,97.59136279222184
557,43.24094002621728,103.4460394363108,12.998828927244995
558,69.58326469303067,95.40039053965188,85.69135733012907
559,62.18497214332525,33.55514474546597,77.60665883766546
560,49.82256336027881,47.27831549049689,106.79568565654395
561,96.20861208215051,24.439947017697044,97.28891304347647
562,73.45630598645398,25.534617107275388,13.750663098099212
563,53.6002425169318,34.11647640375798,71.53834826305459
564,27.44799049595786,63.05025671837421,19.70859132619614
565,55.513212803145585,58.847166266112396,0.5736859296482384
566,103.5259099847065,46.80459143543748,48.663234105308064
567,30.535123989512943,12.988535066637462,6.259565053528541
568,51.73706958706447,21.61536049814314,6.8085410749398445
569,37.760292768188734,102.15523377758255,113.72138055494807
570,110.83251532663286,94.99442593401584,10.161899715971066
571,78.61631854926878,71.99605746121833,66.40253058772103
572,14.879981428883593,76.68910640157257,43.99451278129787
573,87.92760814944263,31.79778402883953,33.4609274634039
574,59.031987655668665,10.943168560192301,73.98075923093789
575,97.22277747432848,44.000742298448884,75.17068986235573
576,9.521356237710295,21.817410967882974,38.60797137863169
577,65.43427791129561,15.341840179156764,54.69804675551624
578,91.17347716845072,105.99608807078916,25.91744374044093
579,98.47588267423987,97.13917795499398,95.84008630107009
580,1.9566461219139184,20.369346187458948,51.727524033210116
581,90.85292713567844,100.90140048066395,107.61483808171624
582,8.993778675988548,93.05449530260026,82.00978370111494
583,35.838625191173044,26.00927845750524,33.30277747432846
584,26.972197946252997,79.50519226567617,-2.7179555822591253
585,59.413387043914305,10.595345750491559,49.116735306969815
586,11.512200131090221,14.95571389556484,80.30095204282256
587,21.88691500983189,94.85382073410304,33.46119947563864
588,59.154441227877584,27.85375955866312,88.58948656325131
589,71.77595805112395,19.598093183307853,95.20405778894596
590,105.0422629451613,69.90560519991236,102.90462366178558
591,78.09419379506434,89.35593893380053,91.86842090889141
592,10.559613283810464,92.97968756827603,41.07063414900563
593,61.46667850120212,22.835892506008257,93.79937404413383
594,92.24150589905858,13.846277037360695,101.95222034083402
595,42.632632728860884,-0.8360323574393582,54.39995848809212
596,99.27035667467779,86.71891741315444,91.65381691063881
597,-0.23970884859078498,22.337633821280384,37.85932543150465
598,80.24247705920658,19.296232794406883,8.60825704610014
599,13.294690845532061,49.24835590998421,80.89767861044284
600,20.79274907144437,81.82258630107016,42.514159383875345
601,12.8066948874809,21.41884203626822,88.08596242079895
602,19.839284465807143,61.25208870439256,75.10075649989192
603,83.54651627703686,-3.454498568931588,74.32271793751507
604,105.70879888573319,92.60897640375876,86.6587857767096
605,8.028883548175687,42.62353725147458,30.43893052217591
606,79.94948383220378,63.346782827180746,4.870152654577254
607,44.04773978588541,59.37811612409828,12.64699530259986
608,27.1560274197069,37.10608258684817,3.7280861590561143
609,40.561665392178206,31.379020646711393,45.96086792658924
610,9.185381800305889,10.134777146602557,98.8742964824141
611,19.95881964168674,13.057101267205693,103.03947290801824
612,114.59734489840548,76.97179320515615,103.61351321826601
613,72.7759269171946,60.91517205593198,60.964585427136385
614,108.4757780860832,46.182982849028164,11.246288507756223
615,21.257611426698862,31.603247760542608,38.95433526327251
616,35.18924950841156,100.45840179156811,32.62408946908507
617,106.5907554074753,82.19625081931504,91.3554566309819
618,17.831259012453657,77.35405888136462,107.10223618090389
619,-1.893536486781723,104.00185547301747,27.730701332751014
620,45.071768079527516,103.44173639938646,88.54138300196666
621,46.21899825212896,100.3974847061393,67.17878031461693
622,81.76027365086331,16.490684400262246,29.684607821717627
623,17.91754205811674,91.30221433253318,18.806237710290617
624,92.88278512125768,8.52329637317018,9.04635132182644
625,32.88916156871286,75.53317566091033,94.22682433908678
626,71.65630762508292,104.08702370548498,103.22263109023221
627,16.38622569368585,60.786254642779305,99.15777856674755
628,6.82624262617434,78.64050961328434,114.25826376447644
629,12.977004588158216,67.88574229845014,28.6437584662446
630,15.499813196416884,92.66630270919845,91.35853725147524
631,67.33579582696167,31.001795936202853,31.617508193139862
632,94.06445215206539,27.160095586629,34.51146329473443
633,30.764918614813414,91.27433198601662,29.76049486563254
634,92.66232630543878,41.11301234433091,39.813517587939536
635,20.20153211710713,46.01181232248106,104.39948000874108
636,21.697561175442335,63.60212038453283,105.41240550578736
637,116.30104595805295,43.286490605199404,93.11061066200722
638,42.82894417740987,16.061881144854794,32.98427463403978
639,47.956123006335254,30.47865796373241,31.90799213458495
640,51.16917249289984,49.9045105964607,12.812555167140053
641,88.61716845095046,87.97587448110107,63.19997214332531
642,-0.7279562049377291,90.71927572645933,46.96315162770186
643,63.11954610006543,28.048115031680464,54.29302927681867
644,29.04477277692816,22.069652064671093,62.4725568057689
645,115.5276774634033,20.87482029713782,14.809844330347387
646,37.86342090889257,33.601510268734884,92.82027528949172
647,51.586602578109805,30.26189807734347,91.75289873279334
648,105.74831385186978,58.12809755298248,115.90001360061311
649,56.725007646929605,94.57107057024113,64.93530041511768
650,51.33673148350416,89.76870329910345,69.59333515403195
651,67.33334771684402,72.21272940791035,16.91773159274641
652,65.66976895346266,92.00897476512965,13.725647258029257
653,50.84164900589939,73.29262344330338,73.94366014856848
654,44.50242079964961,89.6298847498349,26.502911841817447
655,25.717568822372858,35.51011525016306,101.17670526545919
656,36.015105418396665,25.637948984050695,50.621549595805334
657,5.56523007428448,77.05922766004089,9.741328927245059
658,79.76315272012083,-1.0222857657854498,102.85834061612478
659,8.693575486126344,-2.8592981647367446,86.06961492243892
660,103.14841653921852,16.958627376010746,103.09420908892447
661,36.67222744155538,111.64117086519639,46.03425715534216
662,42.72651846187457,111.29549394800324,35.39421072755067
663,48.43765566965325,27.102837557352327,104.17877157526765
664,88.42858204063889,60.060988092636876,12.644672820624757
665,100.85845859733513,65.35880434782544,88.35861098973167
666,46.50441227878634,101.91314507319225,103.0463589687558
667,7.444886388464122,110.78376173257556,70.69497105090588
668,48.13141031243146,79.17199803364585,15.00264146821061
669,50.80345968975391,50.54553146165669,69.92244046318476
670,115.75333303474086,43.037821171072416,49.88823574393687
671,85.73829200349452,114.01835837884995,82.1567314835025
672,84.61814124972723,30.68490058990601,108.75899117325736
673,38.74947181559999,69.93290911077152,98.56107166266061
674,47.914156106619856,10.269702315927407,86.14444559755361
675,78.33987164081348,13.590418396329397,51.92534738911972
676,60.88969029932272,35.35534848153761,29.58703572208843
677,100.58531516276896,91.56190627048235,78.38516386279326
678,87.01452370548255,113.08893009613224,103.72577944068254
679,31.155449530259403,66.5144570679481,85.29665337557267
680,96.43068221542387,8.895788180030578,57.61826523923989
681,93.05873880270698,77.50186366615638,40.77862300633583
682,6.577576469302956,102.00679812104073,40.71955538562374
683,43.61970067729863,26.754932816255042,22.88119073629029
684,30.287681887700067,12.438973672711379,17.72057515840075
685,55.96132455757037,64.46109733449886,105.34667700458978
686,50.65382018789623,98.58649552108379,37.28770755953769
687,89.5120930740645,72.05471597116235,50.82722798776416
688,3.707899475639069,36.5880101594931,2.154931975092855
689,70.4603293642132,66.95473235743933,25.75584225475141
690,71.20487000218392,15.738337338868327,88.18287251474794
691,106.15557584662255,16.908017806423388,88.20898459689722
692,86.50336191828791,34.18764583788439,102.48292877430521
693,56.423410530915255,112.67060926370962,21.04352195761402
694,-3.565405396547945,77.39674240768835,27.483285995193228
695,70.35420144199136,22.04379724710507,-4.771575660913268
696,93.17368472798687,55.22620712256977,97.01233504478863
697,96.32053856237847,99.17231210399918,5.775114703954642
698,49.63280478479385,66.87431286869193,13.547645291675744
699,25.404855254534212,99.71482521302079,24.883924513873918
700,27.9513584225469,70.50857712475373,75.42686585099321
701,22.075809482193527,69.20589960672929,116.60840149661243
702,18.26019281188551,57.321079855800406,0.6955786650644643
703,-6.751276665938342,17.094959580511194,30.232143325322184
704,-0.17961995848808768,1.5076975966790485,7.308632838103596
705,75.81291621149157,56.25273541621209,19.754329254970486
706,-3.0290592527856663,62.80189807734257,53.68662169543335
707,40.67628632291919,62.86894963950174,114.38808258684655
708,89.28089687568311,43.836881144854985,51.08290037142182
709,104.87057297356407,107.33382379287558,52.44810574612068
710,77.947662770375,95.65539108586361,40.02392342145526
711,74.23338649770528,98.0487038453125,72.7731439807737
712,74.33369892942865,80.26903867161843,32.03561011579589
713,54.64631854926855,13.69294953026018,-0.17765550578981362
714,12.814920253441095,6.172665501420124,61.62665337557316
715,68.52882619619909,16.939324885296053,20.042579746558733
716,38.754922984487656,67.69507592309286,89.3262229626377
717,109.64034970504824,14.417606510814908,41.862095258902805
718,100.66067074503174,1.1886171291238885,4.46012845750491
719,82.79284356565638,88.22803364649208,31.908452589031626
720,47.64277911295511,16.869729080183546,19.883141249726815
721,44.239116779549754,73.19582859952006,9.406479134804428
722,46.2492882892729,20.770595914354082,73.96979626392871
723,55.360298230282076,91.21147476512927,9.395180795280734
724,31.176258466243894,68.93151299978149,29.447820624862974
725,42.40323792877489,105.12702097443736,50.098878086082976
726,64.08964660257813,77.8609362027544,51.54251911732631
727,66.79306150316748,81.48155833515352,26.228131964168373
728,87.69491369892869,27.98634913698853,24.13513873716419
729,95.16436257373971,59.07379888573237,64.32209198164864
730,110.12977195761468,29.790811667030784,103.3718123224806
731,79.04164190517852,71.88399388245664,18.795861918286967
732,18.55469466899712,6.994297574830636,29.600182433908877
733,6.382389643871541,72.72297247105202,107.99219034302153
734,104.156846187458,70.55332204500799,-1.2538551889884133
735,27.220154031024652,42.88866124098697,87.57333897749454
736,92.45760869565072,108.66289129342401,50.3641200568048
737,-1.2137553746995888,88.25315708979855,80.49319587065655
738,80.4911301070577,101.47324994537797,98.93099956303354
739,68.13119838321809,17.78885077561736,72.27857330128896
740,54.52822263491301,25.64783591872408,52.909200895783
741,89.03279768407302,105.6366200568058,61.43525835700289
742,93.1966091326184,89.34310902337879,31.08204446143846
743,53.41936694341328,17.1039119510596,65.47694232029626
744,39.467185383439414,106.75028089359768,80.26892396766387
745,-5.406030948219322,91.70459853615894,14.594528075158312
746,42.89701496613418,41.69174896220238,118.30291391741184
747,8.520997924404597,95.8111836355699,102.58851157963561
748,62.77180085208782,98.92495302599852,90.13937568276044
749,102.24641468210383,59.914160476294384,77.51387863229189
750,47.550531461656504,7.754176862573693,69.50933854052795
751,26.965545116888663,84.04363010705802,-0.8359999890758147
752,110.3613779331452,76.43013600611899,16.761915556041245
753,34.336182543150755,47.82076305440244,15.855993008520743
754,46.16098754642766,76.40358040200994,92.54311175442375
755,23.085965151846054,40.427515293860566,41.962527310464864
756,91.69608258684973,87.0901425606295,-5.00837105090669
757,71.95965097225319,32.50733067511457,51.66794461437706
758,70.96428938168991,115.55132806423268,15.317407690627038
759,19.58525289490945,66.31946963076305,64.8841582914565
760,63.193595695868794,110.02226206030207,60.12382619619728
761,31.546687786760224,86.07703244483426,36.23526545772308
762,91.76608258684729,34.77735470832338,18.027502184837385
763,6.532702643653012,87.87723618090445,75.01652610880315
764,76.157314288836,36.01863338431228,20.45434564124963
765,5.69310956958706,66.61181778457463,31.899612191391963
766,104.39145237054821,37.579401900807966,111.31444306314029
767,100.01049268079491,29.60228970941645,78.15011306532703
768,64.62322208870403,40.51425715534245,44.61120876119634
769,23.196404304129125,71.62777146602562,32.92534575049146
770,115.68103814725647,95.42670799650307,53.99809372951905
771,7.022810793095925,87.20193576578724,92.49133111208062
772,36.43143161459463,20.78931341490055,42.1014736727113
773,43.864812103997885,2.0451618527419764,-0.33195184618745543
774,26.721335481755546,52.73090179156771,24.143179484378216
775,36.94095204282344,79.18042658946983,102.38292822809633
776,-3.2348150207559745,5.441020701332772,65.77430194450504
777,-5.467935503604987,92.47305057898146,22.528364649333373
778,26.133917959361607,20.059861262835856,41.872205593183615
779,73.93904467992101,110.54556505352808,98.01759012453562
780,109.73132946253014,9.822521302163032,104.162249836138
781,99.14406543587396,64.839871640813,97.33030587721453
782,30.018728424732867,1.7812154249508447,-5.669009329254989
783,104.12548175660801,65.7681647367274,27.040895783263778
784,16.563570024033343,80.79687841380883,3.54776757701549
785,44.48184946471404,108.5404012672058,17.635745575704657
786,64.26285285121175,45.487368363556136,103.53262398951328
787,8.334560301507635,25.670179156652512,1.2509474983613906
788,110.15021272667369,49.42022831549136,-1.02264351103342
789,47.69843729517189,59.77061175442397,4.665699147913494
790,8.35530478479354,21.476802490714448,21.385777802053827
791,26.579445051344255,27.053904850338697,23.362582477605464
792,85.13958761197348,80.7804183963296,48.86636606947794
793,45.65716135022886,43.711998033645315,75.32872077780155
794,87.8197591216939,35.77647476512974,90.41691992571603
795,67.97760323356034,29.16539764037623,69.20703353725085
796,11.208491369893007,31.214698492462336,63.192903648678765
797,112.7098122241617,31.678728424731926,51.460075923093335
798,24.71409875464265,56.09687786759777,42.69820406379745
799,81.10489348918534,8.67033974218924,36.60670799650483
800,66.77871258466192,29.70949530259982,5.630941118636686
801,72.50784848153664,69.70912934236536,97.35329528074992
802,97.0305227223077,44.21782663316503,24.61550415119097
803,93.00025999563097,103.74512453572186,45.435993008521656
804,94.75772449202616,106.7774071444185,95.48661951059525
805,109.10617987765123,59.227017697181964,33.269942101812966
806,69.5758914135902,53.81717882892752,32.309865086301265
807,3.4285068822372504,-0.324452272230711,84.6798798339529
808,17.42587338868251,29.257889447236376,5.746236858204109
809,51.90817893816939,59.85563961110053,51.7978151627707
810,7.970322263491393,77.26022940791063,86.38828326414803
811,12.04505188988428,46.93012562814056,67.2601015949296
812,25.86859897312715,111.49098240113574,26.25600174787016
813,99.14564671181957,69.46715916539368,66.1846728206254
814,76.6496329473433,85.09740932925513,76.19040037142261
815,26.55719849246232,106.33475448983911,51.963457504915574
816,16.721338759012504,16.84863884640604,58.29928828927346
817,43.228551452916335,-0.07442028621367827,87.67152064671139
818,10.83523760104869,101.43711164518236,90.28633493554541
819,37.07451933580981,19.087806423421448,27.114761306532106
820,78.89110225038195,70.02869128249876,57.33965370329907
821,70.91894363120011,12.077798230281845,30.030072099629116
822,42.07509121695503,51.57569368582089,81.0938671618953
823,102.38101267205738,74.84635296045477,15.673813087174983
824,38.80129178501218,89.74087830456733,1.4127178282717923
825,14.269247869783685,40.26613010705724,13.7431691064014
826,114.26897118199518,37.30519226567636,19.069349464714914
827,76.15919816473601,7.3745897968101435,25.94010924186134
828,49.637873060956345,37.1388606073843,22.80540637972479
829,17.882046100065544,40.34776655014117,76.23395783264257
830,66.15516823246695,55.75767424076777,8.259116779549908
831,56.35269991260609,82.49079582696004,7.825729189425368
832,72.410460454447,87.4994013546007,105.41226363338545
833,83.90838158182133,9.04222197946254,76.17052053747037
834,109.00939856893136,74.85578763382152,37.09121313087054
835,59.8920706794841,39.40545389993454,90.6615151846178
836,75.07621804675493,83.50746067292897,46.80379724710419
837,76.10200021848337,103.7524508411634,59.42754697399918
838,100.22472252567242,101.44267424076736,68.16999016823128
839,79.72563087175054,108.81480120165955,1.4325371094603552
840,61.460766877868345,108.44196198383136,88.39939261524972
841,34.0339725802925,22.11826906270508,99.93562486344747
842,70.03876010487299,50.121568713129435,21.30992953899953
843,40.301498798339736,28.954153375573902,68.64295553856319
844,16.390310793095964,39.13041839632993,55.96424240769121
845,77.19713458597305,100.16301835263131,84.72719084553118
846,55.8951480227222,99.40565818221489,108.14071652829263
847,9.95149715971151,6.134992757264556,12.097119838322106
848,9.344969958488035,64.77941883329609,106.42931778457373
849,84.02722525671916,61.83872187022211,65.89431723836667
850,1.5536058990605008,103.67801726021627,107.60656543587483
851,102.48013491369727,19.1331259558665,60.87131035612878
852,87.76774688660547,52.02381090233704,33.05857275507946
853,107.6743406051989,101.6397197946251,101.2016446362227
854,5.237015490496018,50.027290255626426,31.50334771684481
855,6.506337524579467,83.93273432379317,59.15043969849292
856,51.92157144417652,76.34540637972432,90.30874044133785
857,5.02757262398946,10.048785230500455,58.570167140048554
858,24.896705265457356,87.24855473017317,75.96282499453919
859,31.584731811230867,109.31453312213296,27.983595149661266
860,113.45725080838864,113.93094850338626,74.23462038453117
861,1.8924420908892399,65.87237546427842,79.5392981210408
862,25.563822372733423,32.845873388682335,29.17696143762295
863,32.74733449857952,0.6964199257155427,76.06020428228032
864,92.94213895564721,32.99223618090444,63.08143653047924
865,22.284570679484133,61.54544679921345,26.370429320515548
866,68.61483668341808,29.52462748525207,90.022197400044
867,81.14155178064198,93.3674655888124,105.6601235853186
868,45.11578544898427,98.14875901245362,95.93625628141014
869,96.6694499672289,81.97954336901837,55.22784465807274
870,64.61257428446586,45.966603124319356,77.85773705484031
871,80.110285667468,59.43030533100197,-2.6849034301944266
872,15.811468210618376,84.80524142451185,59.293004151191134
873,-4.607286202752871,7.187004041948841,58.60335809482108
874,114.0567474655886,58.53980391085912,24.069545007646795
875,67.75485743936943,35.43842800961399,38.260471378632296
876,88.61707177190223,104.18776709635264,71.26901354599111
877,120.49380958051225,90.6097339960677,67.67523978588659
878,103.43737109460605,22.60769117325767,1.8148886825431376
879,2.6355872733231327,27.136732029713908,88.7340201005046
880,2.6230690845531694,71.23882783482713,62.69766113174392
881,75.47240222853455,53.108104107493624,103.55417358531506
882,116.38172696089168,13.019524797902585,34.26528402883979
883,35.890375792003546,59.688828381035385,103.88845095040446
884,57.36408291457371,45.091289053965596,0.9824167249289966
885,88.38422383657431,105.84774033209436,31.894051234433004
886,13.252895455538516,16.144542822809683,28.658382674240897
887,39.184614376229156,35.925778348263,22.10870985361605
888,29.024017915665148,52.23709198164821,117.14720857548102
889,107.70804188332785,78.68111645182395,-0.8930082586847342
890,75.05475256718353,33.17157253659612,105.44210836792897
891,7.910940572427386,62.25631417959338,64.39399115140957
892,70.79120056805824,40.63752457941902,9.296172165173564
893,89.15435984269253,80.83226076032345,72.67141577452638
894,49.06874044133717,7.397735416211442,44.47587338868162
895,43.43471597115967,63.15721597115916,63.094613283811
896,19.233180030587558,27.35388409438511,99.30455429320477
897,104.50107712475388,20.992345968975204,17.628663425824872
898,84.5125595368156,54.32685492680659,97.19030642342197
899,44.6171580729728,69.4656658291454,72.18552709198214
900,49.51865850994196,11.901950513436708,54.3642069040859
901,13.86565053528522,87.83460072099611,13.141231155778916
902,25.413259777146372,4.782619171946709,97.02597443740315
903,43.84988256499868,79.84565381254076,110.73651438715413
904,62.110095586627686,14.308841490059063,5.088878632291949
905,98.19482084334838,44.77760159493072,39.44935164955233
906,16.905133275071105,69.00778512125837,114.78581512999756
907,28.146819423202952,41.64376939043054,76.92388027091988
908,45.74347334498534,95.00283264146726,23.41509067074567
909,81.98886716189708,51.21385733012971,111.17120306969694
910,39.977186475858105,85.09223727332228,102.81599136989377
911,57.277517478696986,96.91686202752882,29.879738365741428
912,62.20391905178235,48.39695706794873,47.65006718374442
913,5.573898394144607,35.8622547520216,106.70907417522407
914,76.90439534629695,30.313283810356133,60.73150043696884
915,53.285899606728364,17.775389993445383,106.04996121913905
916,23.623989512780913,29.139208542713618,91.64083570024081
917,52.017744155560955,63.10029440681777,69.80366779549847
918,20.475529823028,-1.056890692593405,71.57118090452401
919,56.81469029932322,86.96825977714579,104.56922055931973
920,14.543727878523091,106.37873661787253,19.5672984487656
921,43.647977933144276,93.57094985798665,89.3852681887695
922,101.83272886170073,110.34537516932376,44.61751037797701
923,74.15633821280082,76.33404413371078,82.18315108149406
924,76.4349726895337,53.823003604982404,60.754618199694164
925,47.21593620275197,9.525480117981248,30.100297137863546
926,14.616695433690376,108.70556468210388,57.09155014201385
927,20.83332204500757,16.649705593183366,91.10340834607915
928,82.95282499453823,26.228720777802035,45.806649552109526
929,57.493454773871086,92.5670630325558,89.99133548175614
930,20.67106893161474,76.0541113174551,75.41936202752814
931,83.2839703954555,63.798433471705096,98.411049814289
932,4.87675122350886,57.66954773869188,-4.460685481756633
933,66.38596187459058,4.815033034738871,97.71670308062349
934,86.35726458378784,107.33827685165055,88.30921892068902
935,95.7245095040414,58.92596733668294,107.80800415119337
936,26.550913261961707,-3.644318319860188,92.21647258029203
937,82.54966735853256,22.199134804457188,69.45654850338785
938,19.26657799868915,35.14874262617382,27.361049814289057
939,92.4751196198377,100.377477059208,9.711345859733473
940,51.303738256500864,19.17667413152722,77.43282663316553
941,106.28710824776019,23.764856346952193,75.20768625737348
942,23.38964987983424,22.953546537032985,67.93583133056553
943,15.684147367271233,107.11924340179063,108.52693008520991
944,35.7423383220453,47.22134585973327,46.140294406816054
945,62.746869128248825,70.74932106183164,25.07133875901227
946,82.69061393926161,52.97074120602954,55.499537906926044
947,90.89393106838683,26.1421356783923,11.163331330565924
948,41.84896384094398,92.92398022722166,70.74634422110519
949,28.44035503604995,91.6352365086292,98.10918942538589
950,40.536177081057275,97.46307351977205,80.74781625518992
951,26.94219412278753,59.22708597334384,100.48368582041059
952,79.17328981865924,85.87492353069719,23.563220450076603
953,11.4420936202753,33.69805385623819,86.98074284465662
954,79.24712147695162,49.42126665938469,45.96596078217193
955,43.83631472580283,27.638204063797332,12.90194122787854
956,44.916321826524005,2.991518516495495,43.26364157745303
957,35.626419597990605,12.60991588376664,89.08653211710651
958,74.30915993008807,101.75011907362912,109.88629448328443
959,6.936062923312243,31.71976786104408,11.131129014638386
960,15.910541293423687,97.07683089359696,74.14785285121278
961,104.8492790037165,42.948716408127325,64.15591380817052
962,108.58326048721854,68.22530205374768,91.03468101376413
963,65.32923803801711,71.61074120603061,4.415827299541153
964,94.98505407472123,5.451023050032724,38.61613884640612
965,24.505634149006543,30.019234214550973,85.36890976622378
966,16.53429757483067,33.935837885077376,86.3775010924188
967,61.18711710727532,102.689699584881,106.3366853397415
968,92.37726567620764,46.45922875245775,4.272604872187069
969,-1.7911252130216238,90.13673476076124,102.82095805112506
970,96.23411732576145,73.97468702206777,103.66450677299466
971,14.111358968756877,107.60168875901164,27.507703189862575
972,55.63176807952795,52.828193685820864,95.7767975748306
973,24.19746668123229,109.23594963950258,39.64428118855191
974,53.97026818876907,84.40444395892675,81.79220231592686
975,63.716755516712944,90.41846897531305,49.97745684946378
976,13.434963403976498,50.11628577670967,107.43907199038688
977,-0.8645161350229412,110.93837724492136,39.24845313524179
978,27.826459471268958,26.959027201223638,103.2108389774966
979,5.0587374262617715,118.26297385842281,24.463867708105916
980,112.49744393707542,66.41356128468301,1.3444260869565259
981,85.12729462529865,13.48008903211723,66.08621476949875
982,65.28523978588571,21.51910640157346,27.36588485907817
983,102.06389228752408,93.52599246231334,42.70314507319272
984,119.10812869783845,16.094453244483358,106.05007046100127
985,18.621743500109066,58.68148131964155,55.90900589905999
986,72.91705374699691,88.30775344111969,68.90356620056922
987,54.26405451168922,67.66610716626806,115.64999106401538
988,41.146455101594924,98.33354926807942,64.04084935547256
989,82.34444068166982,62.334740004368804,23.531982739786166
990,35.42756336027976,95.39796263928295,55.95397094166465
991,34.925952589031525,50.186949421016685,59.44593074065971
992,93.48309209089089,67.19739130434837,60.84747596679136
993,59.280022940789344,9.630495411841817,61.90648241205994
994,19.748960563688122,69.97085154031048,47.60003441118544
995,80.9335662005686,102.3651584006992,43.995596460564016
996,58.69286432160846,16.65289163207336,35.808466790474064
997,79.23386497705907,88.69350010924225,4.336158204063774
998,97.27430849901484,2.930572099628589,97.32941118636614
999,75.56271793751338,50.192906379724455,14.373572755079744
1000,59.70725912169504,63.754656980555104,10.671705811666923
1001,59.488203517587664,104.87280423858573,52.120401463840146
1002,64.43009722525485,116.23240435875175,23.51393707668789
1003,23.798464605636497,44.562249289927436,6.297303626829789
1004,57.2158214987995,25.92790091763169,-0.2618243172383658
1005,54.70035448983885,69.42991479134821,84.0145002184848
1006,90.32897148787399,27.051902993227014,91.72486727113872
1007,93.16511688879307,50.220366506444634,9.448208433471727
1008,29.166476403758175,101.21506445269856,3.1107768844221
1009,47.638115031680655,1.8319242844658001,23.08280478479347
1010,110.0980740332093,46.08459525890377,20.724618745903097
1011,9.23774634039763,15.887769827398042,43.297485798557744
1012,10.119953572208859,78.1852589032118,19.05415556041084
1013,-3.3195605090670783,109.79587183744911,95.28121203845232
1014,106.85390909984977,104.46199857985587,5.2937415337557345
1015,38.74313906488888,34.64287142232845,15.347820078654284
1016,20.677562814070242,104.80996449639578,83.48678173476081
1017,65.52399606729365,73.92267096351434,63.077459580512354
1018,81.37156051999128,68.25550415119122,81.46742079965105
1019,56.11990386716136,36.99046209307427,61.05056915009801
1020,48.36362246012684,3.5159048394144734,92.82358695652273
1021,67.17449257155367,58.64190681669159,94.699841053091
1022,67.22525125628052,81.87197837010918,113.39067414245032
1023,59.55676917194627,72.06945979899463,75.11800305877038
1024,79.46000710072029,48.25993445488308,90.0489168669436
1025,11.015577343237844,2.8081564561940255,72.71123170199026
1026,71.47943139611208,73.74856783919816,41.2855358313311
1027,41.70544953025997,36.95381909547727,53.313465698054145
1028,61.81212256936745,74.95617708105758,92.91589305221717
1029,77.81140976622251,38.48007810793106,46.132183198600494
1030,48.850386716190584,26.799005899060532,69.54085973345008
1031,-6.696402436093489,16.5210891413591,3.084720635787609
1032,63.88696908455237,81.12607166266102,16.005565326633175
1033,11.936900262180467,7.246581275944864,49.8253998252137
1034,99.19794297574906,87.64108094821884,64.11643926152503
1035,-2.204277288616975,54.8976600393258,108.00730452261385
1036,69.32944778238951,40.67422438278322,99.9688130871748
1037,104.36067784575147,8.714569040856457,80.09182051562078
1038,0.36590624863447796,14.571681778457473,71.24563797247015
1039,84.68653703299262,82.20287961546941,30.91601485689276
1040,87.04009176316306,21.546109351103308,55.30814725802962
1041,79.66489785885908,109.4171887480887,39.12803692374942
1042,69.75718265239165,103.85293095914355,93.69416375355101
1043,67.9699000436973,101.33437295171515,30.518231920472072
1044,63.28011961983849,98.53491916102338,35.61642178282696
1045,58.77293205156117,6.919190517806411,88.49173366834329
1046,112.67793595149665,10.5644543369019,95.67802873061002
1047,20.36969740004376,90.23619292112512,48.66432925497154
1048,100.73962967008907,92.7106336027963,67.1008717500534
1049,14.910780533100365,41.17805003277276,38.60142615250216
1050,18.695884859077875,86.51993063141623,83.95848481538104
1051,4.949912060301524,92.37379779331332,17.466730391085783
1052,36.82955320078694,49.3150240332086,21.938631745685214
1053,54.380259995630055,41.857737601048136,8.110865053528604
1054,29.710898514310905,-2.0072725147476542,11.788714769499736
1055,24.750493227005148,17.791143762289753,103.56106401573344
1056,50.18826687786628,93.85328217172612,78.01758630106933
1057,-2.541750524360926,7.473118308935973,24.788531243172024
1058,51.47950513436819,110.59878303474065,80.42131745684962
1059,18.545209744374027,76.14502294078946,99.99837065763631
1060,98.28084116233259,87.95320078654133,14.723845313524345
1061,44.008104653703136,17.113873716408015,97.52180795280705
1062,97.07805604107462,114.5966172492907,18.922766003932757
1063,86.12211819969426,95.6158062049372,44.455704063796986
1064,76.60926261743332,107.24234392615388,15.002081603670414
1065,53.96581002840295,77.84733722962679,59.69598809263703
1066,92.92570351758839,62.02837885077619,44.11213403976489
1067,77.49471706357804,103.72414135896908,29.179409001529304
1068,52.42349027747458,101.49108586410391,84.96847607603335
1069,56.44929648241158,70.37725584443987,48.109342363993996
1070,91.59746777365156,23.91831603670491,2.044506521739123
1071,89.88801889884137,79.15999617653517,58.656020865196325
1072,70.65066910640004,39.11462038453071,110.98280928555793
1073,100.14868855145485,110.50791472580512,58.99068003058802
1074,86.40764474546533,65.25304020100344,74.53445379069187
1075,25.176949967227937,21.805899060520133,54.442773104654265
1076,86.016161787195,59.34811721651741,30.368385405286975
1077,47.24905997378233,36.61198055494885,3.4417535503604886
1078,94.73566091326032,52.896253004151646,104.23472034083524
1079,25.769837775835903,5.071639578326438,80.63732849027832
1080,62.766472580291385,100.01874153375536,58.06474546646208
1081,91.50730882674208,94.56443685820362,72.25374590342804
1082,30.15912934236382,62.27107330128898,40.40927627266759
1083,67.87415282936593,43.25824339086752,19.29743172383669
1084,110.02133884640686,26.885078107930767,6.474255920908903
1085,105.47593948000915,56.01697181560067,57.397214332532286
1086,56.85622296264012,76.52478588595172,100.83961929211259
1087,8.101266659383905,26.07979025562597,73.15259886388453
1088,15.357608149442642,104.48879451605859,115.76547094166432
1089,98.52904140266848,63.83478479353522,33.01373497924388
1090,40.076942866505966,-4.485036180904507,29.80217227441566
1091,23.210603015075336,78.81998798339646,66.8339922438269
1092,48.59968374481076,62.87007155341887,86.46785940572455
1093,21.001919379505935,69.1664190517797,90.2790708979691
1094,101.13724328162476,66.63612956084795,77.86983559099885
1095,16.767005134367487,102.08879014638202,37.06663152720107
1096,2.872083559099861,94.3179440681668,36.38079582696058
1097,50.50267205593269,6.428917413152739,60.372174459252854
1098,106.36245535284938,51.17470613939258,99.94265840069886
1099,108.83560500327499,41.67637644745446,57.6559531352418
1100,27.263625737382498,74.49448437841393,58.19665119073595
1101,62.69233941446277,54.03839359842818,74.25491642997528
1102,38.51751037797679,88.03651136115343,14.350610115796428
1103,29.878498470613522,10.118449857985556,61.24677900371368
1104,10.496744046318629,85.2564277911291,53.1038731701989
1105,29.371812322482313,104.39828081712723,101.3700360498167
1106,86.22140922001218,-3.8360712038453237,44.78609077998608
1107,114.30000386716193,82.20345968975354,100.62324448328668
1108,40.31133985143065,37.14901791566515,64.74788070788678
1109,96.61269882018775,31.021632073410043,47.56252676425597
1110,76.19440135459803,110.20432335591109,44.533904850340136
1111,112.23358769936695,52.43530259995565,23.36196034520456
1112,9.062761634258276,68.60848153812606,57.09878249945353
1113,55.69995411841945,16.29318166921549,82.51879014638365
1114,27.027058662880002,63.92667249289892,54.68956357876447
1115,43.59378632291905,64.89811175442601,31.268870439152835
1116,1.910536224601291,59.62906106619952,93.40320843347217
1117,2.3248213240113698,50.406721651736966,61.15156161240989
1118,81.8021733668354,24.43334116233379,17.965329910421577
1119,55.07411022503882,24.57933417085436,63.770307515841075
1120,90.77426644089952,41.93817620712208,80.87091216954438
1121,81.68632564999008,34.678315490495876,74.64959307406785
1122,74.2143145073195,0.34100262180467766,69.29595586628778
1123,96.63707450295021,52.83912442647964,56.21116451824347
1124,70.2575731920463,10.541403757920017,14.457997596679055
1125,96.64540801835295,54.06683034738919,85.14302654577084
1126,62.797298448766874,61.01065108149458,35.79253168013918
1127,58.2788496831982,61.639776600392764,50.99489348918572
1128,26.29276873497919,65.29749999999926,95.83471979462472
1129,42.229185601922396,89.48697782390133,34.794595258903335
1130,100.47914299759638,66.09519554293219,50.43468046755514
1131,44.83984323792876,35.33038999344574,106.89520594275632
1132,21.503526873497655,55.1996471487889,66.20340179156699
1133,97.99716845094927,33.69181013764491,25.043139611098766
1134,51.66692211055328,74.63810683854216,43.33507756172147
1135,22.105761961983326,64.55210946034376,81.61116670307922
1136,57.48929429757404,84.79925278566593,60.138157089797424
1137,33.46997924404666,0.07475028402882905,91.5529495302601
1138,82.25684236399454,46.153357002404164,5.669968866069494
1139,103.26007920034795,33.45574065982058,94.60403867162016
1140,96.64834225474908,35.71347716845035,10.93820406379738
1141,34.44314015730876,16.674944832859932,110.61660479572024
1142,36.872979025562906,40.959937185929334,95.68977277692817
1143,114.24565832423069,68.32239458160407,42.45872023159275
1144,89.87040201005219,11.331981647367263,114.81096309810033
1145,50.99845095040341,49.678802709197534,80.4297247105082
1146,74.2795968975311,89.8832920034963,18.064508411623223
1147,61.392938606074225,22.468482630543736,103.23783537251605
1148,13.82622514747659,41.982984487655585,45.86306041074838
1149,22.66809591435455,91.42729899497571,0.043540572427368605
1150,30.47779495302616,3.29349634039765,44.911188005244576
1151,38.41598536159074,60.56388464059452,15.053664518243501
1152,23.27388081712937,101.84028785230552,11.308172383657423
1153,25.001715097225194,88.22618254315135,27.89686694341333
1154,87.88919980336532,110.87106497706078,4.31797855582262
1155,94.47581931396105,56.992980664191,21.041927026436973
1156,15.680340834607879,88.0064119510595,99.79682980118012
1157,34.5403943631196,43.16176097880679,83.21388737164365
1158,44.72556423421514,62.66518188769992,102.95034520428236
1159,106.88635108149425,13.339836137207683,48.781209307407494
1160,12.68701223508852,38.65619455975557,109.79862845750412
1161,100.44555167140167,18.81171455101593,73.26129451605922
1162,12.546029058335112,-3.4558650207559576,41.996026327287915
1163,100.36128850775496,50.78201769718144,11.415829145728653
1164,112.45930036049657,31.892114922437877,26.33976294516038
1165,52.10433198601783,86.80018789600088,36.94960399825164
1166,3.235143948000895,62.73581986017047,87.87891850557119
1167,4.2648477059209124,106.5135113393052,62.85935328818026
1168,34.848594057243,29.995537469957906,75.7497045007658
1169,17.745417850120088,71.48716954336821,16.249720887043715
1170,38.96261470395439,69.6361792658968,45.911502075596275
1171,9.110613939261524,8.559865086301095,34.433530150753825
1172,85.46662169543401,93.35664900589778,78.20189152283204
1173,93.74077670963504,9.315808389774988,47.93764802272275
1174,54.546879506227526,33.060983176753275,37.23021466025813
1175,13.211492243827873,87.5551212584669,110.84359760760198
1176,6.617571553419289,108.13603375573514,99.11369128249949
1177,86.86300032772525,16.60014693030372,88.72643762289786
1178,75.45474000437054,75.07558116670361,36.20118035831314
1179,109.27485712256771,67.6060612846824,71.26049322700484
1180,96.54618527419584,98.64153157089726,20.397211601485807
1181,103.58433744810989,107.9527667358524,104.84366342582636
1182,26.29071608040203,58.44958651955407,112.82767899279035
1183,74.43272558444608,97.52974218920637,14.245656543587362
1184,67.38201660476268,52.225942211055475,100.01016604762965
1185,66.19965643434574,66.33425278566675,98.15898077343225
1186,0.509132401136124,35.90870439152252,98.58780751584095
1187,-0.8489549814288891,95.13473727332189,72.55293860607456
1188,46.97146766440873,44.11027310465334,63.47296263928223
1189,22.886482958269955,55.227005680576475,13.226841817784566
1190,2.8570995630325737,57.720284028839274,39.40591053091576
1191,9.923152720122358,54.7449333624644,60.494021192922354
1192,21.638388682543166,8.75488584225481,62.83366069477733
1193,3.1997748525234746,84.16129779331403,9.212181013764456
1194,40.262865414026926,4.541076392833779,118.33771374262447
1195,87.83600447891475,3.397921706357866,26.545046974000005
1196,61.28000655451168,26.16267915665304,9.44061066200568
1197,93.5120297137869,90.20083296919401,6.25278839851427
1198,30.006707996504467,34.954611098972514,11.729856346952092
1199,85.95205046973823,21.358886279222347,35.445383438933604
1200,96.05210946034595,75.11741752239352,91.36280478479414
1201,111.81843407253704,67.35262453572297,27.694894581603737
1202,101.39771192921131,12.22513928337338,18.50182652392399
1203,14.030362136770814,64.82498634476613,20.94738911951031
1204,20.930965698055644,99.17790801835127,99.81541894253746
1205,74.67160967882914,80.55445761415766,53.84816746777395
1206,2.7921937732138993,12.164534083460927,10.661360061175328
1207,4.428437207778028,41.02165883766654,5.816927026436501
1208,19.880603015075366,115.27207342145651,51.356443631199824
1209,64.84389119510564,46.13942156434398,87.81408346078376
1210,97.39363283810383,108.41072977933078,36.91192101813421
1211,58.72940080838931,38.35350939480013,69.72534301944647
1212,68.36661514092312,8.23993281625518,65.46888955647965
1213,32.73483668341688,76.13177791129712,15.490949311776314
1214,42.33269335809423,9.09084990168244,58.63274251693373
1215,45.19252403320898,70.72293860607546,109.08595908892393
1216,3.5965751037797475,54.79712967008895,9.223143980773507
1217,54.4852315927449,75.04047192484262,15.713948547083202
1218,23.566546864758283,72.9083783045657,18.59337611972913
1219,38.43033318767635,73.78893816910463,75.55256336028026
1220,49.322707559537626,93.36261306532676,6.181975092855576
1221,81.3790517806409,80.73388573301338,39.02765239239631
1222,69.49524142451392,76.52784138081707,73.60227277692802
1223,92.07120220668438,8.224993991697636,107.0518218920668
1224,95.00984378413645,30.57086847279951,101.15572099628642
1225,29.304032663316377,50.70136880052323,72.51806915009891
1226,72.48169379506287,27.416642997596615,96.61511088048985
1227,52.06085317893812,110.98715331002894,67.48976239895143
1228,78.89153812540786,75.83040091763064,8.454950841162274
1229,87.54018680358385,98.18790091763174,34.29409329254934
1230,10.226695979899596,62.902460672930665,84.10383766659388
1231,22.522361809045528,95.47737382565204,60.72025562595637
1232,26.43361098973126,54.534320515621886,88.52714824120788
1233,110.9589646821056,19.701758247760566,59.448840943851685
1234,58.145500327725294,76.71557351977356,36.65943904304066
1235,77.42697400043514,65.83365905615052,16.83826141577465
1236,4.918483275071024,52.68582641468259,100.43012125846539
1237,12.627613065326623,74.65795499235473,51.785718265238586
1238,59.869499126065236,92.88061448547013,100.67320624863633
1239,34.90796100065586,89.1110590998478,90.36460399825118
1240,25.393802709198106,44.60204828490345,59.77818822372839
1241,55.09822973563596,49.60618855145267,105.9467773650851
1242,90.8433875901235,24.334209635131934,60.67862136770888
1243,78.0216315272009,41.184720340834815,-0.18924760760322634
1244,33.46312923312222,91.66201878960011,75.84845313524015
1245,96.8303036923744,111.98505044789177,108.9217229298673
1246,76.4038403976383,49.3340086301069,26.84298121039962
1247,21.553101922656722,6.294161426698695,16.15424186148139
1248,21.35861972908022,50.45067238365649,83.22264310683869
1249,15.660398186585157,106.78522999781545,95.2502124754199
1250,72.46240714441716,75.79866888791751,105.884110225037
1251,27.262816801397886,5.610581975092883,31.669109132619393
1252,17.8908854052874,48.09031188551428,71.78659602359599
1253,51.42632346515211,94.24537633821173,17.730361590561614
1254,91.11675114703846,84.32477386934666,96.00183690189931
1255,81.92468866069454,48.25912278785311,77.83730281844132
1256,38.86267096351255,13.083796154686587,47.10280642342102
1257,27.340640703518023,99.8181882237262,64.8847864321596
1258,97.95942702643791,97.69719576141777,35.00858914135926
1259,100.51474928992896,36.18574448328606,83.53554730172498
1260,50.18873224819809,38.154342910203525,84.81920034957402
1261,34.49893653047828,77.10892178282708,60.494347279876315
1262,98.99575868472631,71.62912988857344,27.019770045882137
1263,47.806511361155,51.25391795936194,4.217393849683168
1264,29.20443958925055,42.56133493554785,32.402999235307774
1265,70.99282881800323,49.19231920472041,3.001503572208861
1266,79.95026054184046,104.56220340834588,67.00766932488524
1267,75.13692047192505,26.09119947563886,79.46791511907378
1268,40.651428883548505,54.260399279002065,24.902767096351326
1269,49.46658182215457,65.89926425606288,100.2084793532874
1270,4.439643019445034,39.11377758357018,63.50641085864026
1271,68.87248962202355,88.53358367926771,41.04727441555547
1272,25.68003823465165,50.920562049376706,35.339897858859516
1273,59.498619729081874,61.45041621149256,86.59438606073894
1274,62.13263163644243,33.785814944286365,18.955745029495258
1275,103.68401026873487,77.90542385842069,38.97265184618793
1276,31.46761361153626,68.49694942101745,107.17804418833111
1277,38.45496558881336,69.83347771466012,41.053844767314466
1278,10.232728861699831,90.34814998907679,49.42686912824904
1279,28.539125518898835,25.06655615031681,16.671744046318537
1280,11.750952589032087,73.84497432816218,65.62138846406019
1281,112.02541313087168,75.80531625518819,87.84158728424558
1282,-1.9276588704391797,23.647828271794243,80.77060192265736
1283,23.29599300852086,110.67684783701145,111.43896290146247
1284,107.46512180467445,49.55638027092025,70.94364430850015
1285,79.22495247978915,28.053209525890185,95.58657253659426
1286,76.48526436530578,82.15589687568159,13.315840069914874
1287,67.27456030150876,93.40041020319046,5.069447192484223
1288,75.72297629451474,20.409325431505387,51.01141795936287
1289,86.78107384749777,54.100433690190904,40.48595695870713
1290,79.59352305003264,10.527651846187405,82.65812267860993
1291,81.45120985361463,43.083132510378164,13.114261525016534
1292,12.288786322918918,80.00524579418746,37.180668560192174
1293,62.97599355472992,58.18300196635419,42.69181013764476
1294,79.76758575486241,71.07854435219616,95.5461978370113
1295,92.37097225256615,2.4369383875901307,90.28725092855662
1296,80.1709880926359,39.73519882018805,25.430810574611854
1297,64.77710509067117,5.61630311339306,89.7565414026652
1298,90.45437076687546,69.8955418396328,26.591510268734464
1299,104.65696143762301,107.41192389119588,28.997409329254364
1300,108.98787445925304,41.91865086301095,88.02692811885447
1301,12.084997268953478,25.769037579200596,11.988210072099697
1302,36.23255025125681,109.07449204719158,60.762743063141606
1303,64.72193358094877,63.73600994100869,70.73751147039445
1304,103.80261798120813,86.7154741096791,114.98173088267603
1305,62.28462748525227,59.084742189208164,23.526704173039384
1306,39.826709088922456,35.72568549268076,29.35083406161235
1307,20.04054238584194,52.79467555167252,50.12383602796606
1308,19.205909984706075,111.8083331658309,120.08334843784199
1309,18.838287633821157,20.31357876338208,38.82797192484208
1310,64.46791074939925,28.984730718811992,61.35359514966152
1311,-5.281918319860129,29.627797684072256,109.92898967664254
1312,92.13502294079173,66.89268844221068,111.03642806423551
1313,58.47900262180454,20.846599847061093,26.21689043041296
1314,109.8340652829385,23.94482521302153,71.28800688223747
1315,77.7836503168027,19.66739567402244,79.47874535722148
1316,14.5464835044788,42.85083078435601,4.941367424076919
1317,28.799341817784175,88.88255735197717,58.93937459034283
1318,41.78557297356423,94.2241823246688,8.508154904959598
1319,52.18831166703012,117.69030973344825,15.193263054402419
1320,27.17043423639951,40.30337393489093,94.59540037142119
1321,43.23028457504878,26.85188059864589,60.20761688879205
1322,100.01070024033123,9.050264365304807,92.7619040856464
1323,35.2806330565879,8.966245357220965,100.6132259121693
1324,66.460278020539,70.2211377539876,82.9306887699362
1325,73.4868008520863,94.04166921564236,62.342420799651244
1326,17.87668724055059,42.65812377102986,89.39171618964541
1327,63.18770428228036,49.54853670526539,34.9138698929433
1328,103.2672864321596,54.913325868473,16.756243172383616
1329,30.974987437186304,46.77122897094198,102.69538890102793
1330,9.798920690408579,15.023364103124296,7.725443521957535
1331,74.26050742844745,5.734810159493128,4.870562999781531
1332,85.94729735634705,96.7725955866299,87.83785612846877
1333,83.19025726458293,100.42119182870567,1.798548230281851
1334,39.74706685601923,7.892146602578082,20.13975966790481
1335,52.71344712693896,59.64628905396646,61.2951562158614
1336,62.84008029276746,92.32834116233437,58.96558662879582
1337,55.307905287305594,56.69920198820269,91.42763600611634
1338,43.72500273104657,10.154209635132114,81.90129342364088
1339,43.380044242953616,82.61643871531585,82.67877266768706
1340,13.94551125191174,6.972539327070114,40.58049322700367
1341,7.7456964168667986,15.150668560192269,71.26330511251929
1342,57.19584170854293,58.506916102250564,74.40615250163948
1343,3.328151627703726,23.258899388245432,99.98625300415
1344,51.008754642778754,112.55549382783572,32.83601704172996
1345,99.11665119073773,29.75232412060312,117.65554921345748
1346,105.10900917631741,72.35747869783604,59.78066473672895
1347,90.59282007865347,70.75075868472767,41.85173913043435
1348,55.40362246012583,43.6926392833727,96.840659820844
1349,14.488342800961316,96.6400021848365,7.659313414900553
1350,106.19660093948173,102.0812770373604,78.8261060738463
1351,94.61603452042809,57.71817292986609,34.372721214769086
1352,108.16063910858783,24.819538999344935,40.519365850994134
1353,92.23587721214766,16.16652883985147,22.563035831330573
1354,84.22646220231711,43.044435765786574,71.0184547738687
1355,65.52121203845293,116.15102945160623,49.28793041293297
1356,28.644612191392444,14.036545772339958,75.52334553200704
1357,76.35637371641016,66.22174240768919,42.078822918942855
1358,98.29059646056331,70.36828271793755,4.465260902337793
1359,6.084558116670316,35.07210072099662,41.45531297793323
1360,66.74619947564001,-2.5438482521302084,67.18275071007203
1361,11.891434345641256,79.59459853616107,72.63459252785671
1362,25.983816364430602,53.896035612845075,56.662450294953246
1363,45.15401900808395,108.31592560629231,74.51372405505755
1364,35.92833406161271,78.66961383001846,84.51735907799983
1365,46.4880560410753,68.35710563688059,50.65377485252277
1366,105.3940031680134,3.6045809919160856,18.097060847716772
1367,51.6558854052877,43.8379697400048,42.68246777365113
1368,52.6855063360286,84.32797738693296,102.7833941446347
1369,20.826275944942353,105.43127430631436,32.19650043696778
1370,25.459678828927316,8.59213294734545,1.1223540856456384
1371,42.30607220887014,44.13041511907374,11.591332750710052
1372,50.41681232248223,102.73943795062026,10.67229571771909
1373,85.44751638627939,82.48382892724439,108.4626206139394
1374,76.18304183963511,38.531587284247365,90.01911677955037
1375,29.3758722962639,30.18883985143095,43.95258466244245
1376,45.30990987546457,89.71957013327345,48.373746995849714
1377,36.0747869783701,4.374871029058338,10.053347170635844
1378,71.12628632291926,46.763931068385595,67.21517806423432
1379,52.832713567839434,88.83717008957846,93.39891085864312
1380,6.984082772558463,109.37519945379105,17.30614321608027
1381,41.15560246886567,79.03163644308532,52.63962038453234
1382,106.88182504915977,95.21796045444879,33.24347116014887
1383,100.31323574393745,76.11575649989045,47.99844111863665
1384,96.43566473672611,109.58899831767384,83.90003168014051
1385,92.5021870220671,32.381034520428265,69.71956139392645
1386,101.93103779768441,85.18506281407147,55.48060793095944
1387,92.67758903211582,20.688712038453197,103.75549595805008
1388,92.90840288398552,61.13563797247053,76.36531188551403
1389,47.04031079309657,104.69404249508489,2.6147015403102576
1390,69.32870111426654,14.081393926152431,108.1438197837002
1391,76.76978042385811,106.94731091326405,88.16756827616511
1392,67.37422383657471,63.56284138081693,46.402761088048436
1393,79.501417413153,56.25870220668453,91.01762835918908
1394,18.376198929429766,8.785793642123622,21.023037469958602
1395,113.23851689971528,53.376805767970886,82.67375245794263
1396,72.72165883766725,37.6518363556916,66.0386716189635
1397,101.61163098099203,79.6821367708095,7.849747651299963
1398,97.92862409875703,96.1657756172185,84.7441544679924
1399,64.07419215643331,24.282450294953097,41.58000273104669
1400,64.42210946034585,4.728457362901494,56.65848590780076
1401,60.47072099628514,117.65068825650138,71.34384859077961
1402,79.2654467992114,5.33929358750274,14.933784138081618
1403,38.21416539217833,35.89414627485243,0.3671160804020218
1404,17.802000764692984,34.062864321607975,71.39784138081896
1405,75.56322973563367,80.06691828708686,71.19433253222769
1406,55.872396766441,16.612785121258426,45.840553310027964
1407,2.663614059427536,48.898869346734436,38.38881472580291
1408,49.71343784138046,16.230533100284106,97.08561776272775
1409,26.058646493336227,77.27507373825657,92.81020592090843
1410,109.62430264365217,69.61991533755776,9.710059536814486
1411,61.20378468429126,114.98081508630025,10.303654140266588
1412,30.935252348700956,19.542178282717856,22.212453025999913
1413,45.79848918505658,22.877776381909555,45.650332095258236
1414,104.18148842036287,96.28746558881726,53.263468429103455
1415,8.034821389556447,35.79746941227865,98.05007701551362
1416,45.97466025781095,100.18420471924885,47.68670799650504
1417,50.01311885514459,109.77210190080716,107.09771563251016
1418,59.10630980991886,40.97024579418903,52.567284247322824
1419,19.846786104435207,23.92835700240291,73.99473399606654
1420,14.379823028184457,33.25964277911292,22.72682816255184
1421,39.18866998033655,14.004638409438543,99.84183799431776
1422,32.5073410530918,100.62285285121465,70.01886279222279
1423,17.033732248197584,4.37718341708544,78.32827725584464
1424,102.44697072317983,50.7635967882882,76.46988201879105
1425,13.753538890102641,83.38336738038038,100.97669925715495
1426,83.73397804238452,7.202525792003414,50.92850884859155
1427,19.924271356783915,108.92316425606342,92.43188879178572
1428,28.07606019226566,42.38033209525892,51.71055713349292
1429,110.8657537142214,79.68568603889057,61.23923858422401
1430,37.95996831985951,83.48012890539717,26.207179921345787
1431,21.194128796154562,65.97855145291713,36.41978861699761
1432,44.33160476294368,76.06992953899895,36.550533100284376
1433,65.3556275944941,104.12819969412203,4.761871553419219
1434,96.43473508848491,34.963879724710424,54.22216954336831
1435,86.26290965698163,9.281402665501426,41.81575431505452
1436,32.333456958706144,18.945939480008875,81.43172984487651
1437,76.10054511689077,18.235788180030564,38.07409602359624
1438,37.03042658946899,113.01076001747849,-5.859711754424319
1439,24.462957177190344,52.46797247105194,77.00996886606835
1440,49.132913480445445,39.20410694778226,54.586669761853145
1441,115.64042018789783,86.03120876119887,87.70504260432499
1442,105.08009299759573,104.86317402228558,87.5168953462959
1443,58.53799431942206,34.05999945379023,3.749823934891809
1444,87.43056587284386,112.18324496395103,18.188039654795663
1445,83.94354380598423,34.13092473235699,51.45102632728987
1446,95.37117926589413,76.3421356783927,80.55677081057546
1447,46.54769991260647,29.11847225256653,97.42423366834372
1448,57.98631199475589,73.90578763382004,117.65481185274203
1449,74.3724759667921,-1.3893859405724236,56.39303091544718
1450,110.29673857330316,84.50954610006603,27.785473017260312
1451,14.403875355036117,54.36934564125011,29.529966681232235
1452,102.18401190736408,23.730369783700983,26.920069914790787
1453,90.44752130216241,0.5375560629233178,60.36063032553942
1454,85.37018352632636,28.413347716844722,9.754399169761818
1455,39.346222416430145,45.77698383220539,62.548105199911994
1456,52.00284138081676,101.93523323137475,67.36423093729343
1457,41.20282499453792,57.12402173912979,43.56456849464711
1458,93.83549595805121,0.25942887262398673,9.47853943631193
1459,34.64433908673822,51.32542167358536,116.26893692375083
1460,41.38693521957623,39.54353397421841,39.56389337994327
1461,2.5589999016823324,102.41850611754437,2.585722547520225
1462,85.28196853834372,54.052283701114916,71.96995794188352
1463,31.062360170417396,77.17576906270267,33.59750819314018
1464,101.82499617653544,82.35142997596836,29.733917959361985
1465,74.74212857767169,29.4560743937077,43.14767314835074
1466,106.01118418177782,61.483269062706405,65.995545663098
1467,74.23604489840623,76.10941992571605,24.623334607822116
1468,94.27874972689511,84.84991315271924,83.88339632947411
1469,62.55821717282001,46.4096138300191,68.66988256499927
1470,35.641776818877105,20.289163207340977,11.118330238147244
1471,65.67477605418387,9.15095040419494,40.51306478042379
1472,15.081189643871454,105.55074994538127,49.8295095040413
1473,103.2563251037799,38.603328053309994,26.452995958052043
1474,4.569916364430886,101.46095695870648,21.693729517150715
1475,34.1471334935546,30.647702097443734,-1.3229696416866723
1476,44.94345313524098,57.89683526327206,89.56079091107807
1477,8.432685711164538,45.18662224164289,22.291934127157536
1478,26.034484924622976,91.61454500764673,83.91368363557007
1479,88.59094330347403,92.52182761634039,107.19553981865877
1480,55.427077780205494,-1.3310662442648111,100.35858422547601
1481,54.07333351540283,25.646127376010845,86.10816910640092
1482,98.60377703736222,59.96682980117888,24.217404413371273
1483,72.10532554074655,68.32314288835524,76.28691828708966
1484,108.49354926808118,25.359796810137283,93.91497159711598
1485,113.64655317893899,22.12038289272456,24.865879943194138
1486,-3.0175114157745213,98.58697126939128,93.58534520428145
1487,11.143462420799613,14.163896657198997,92.44029058335116
1488,34.44862846842798,31.518327507100125,68.15451824339027
1489,97.95112246012542,39.23518789600171,94.82532390211698
1490,67.41984323792977,89.617005134367,77.51502840288389
1491,11.509423749180767,67.86409056150227,5.810018123224782
1492,46.28086574175049,47.745294406817244,38.82417959362102
1493,97.90444668997056,45.81839523705594,-2.677704511688857
1494,98.20226731483338,42.91283591872405,14.58509012453582
1495,58.45273377758457,41.87758630107105,21.954088376665965
1496,46.74998907581404,82.73623771029054,63.7398891195105
1497,87.67821280314753,71.45864977059077,86.05565162770354
1498,83.65040201004862,8.109620384531373,66.90861262836212
1499,48.517159711602396,7.635850994100855,110.98498476076102
1500,61.926300524360904,107.5099164518264,33.7434416648458
1501,6.123005625955856,57.66580893598284,15.595571334935533
