mol_id_1,mol_id_2
1,2
1,18
1,164
1,244
1,847
1,943
1,1088
1,1283
1,1308
1,1370
2,18
2,244
2,274
2,610
2,704
2,780
2,850
3,192
3,258
3,518
3,704
3,847
3,943
3,1308
3,1349
3,1380
4,127
4,226
4,274
4,704
4,780
4,878
4,1031
4,1206
4,1330
5,443
5,585
5,621
5,750
5,993
5,1001
5,1097
5,1214
5,1227
6,116
6,143
6,302
6,436
6,664
6,823
6,1155
6,1312
6,1358
7,38
7,70
7,517
7,711
7,1122
7,1266
7,1325
7,1360
8,88
8,346
8,602
8,700
8,759
8,1091
8,1132
8,1261
9,162
9,172
9,558
9,591
9,814
9,845
9,1172
9,1332
10,58
10,125
10,266
10,324
10,418
10,587
10,699
10,901
10,1153
11,117
11,135
11,488
11,541
11,952
11,1067
11,1146
11,1183
12,317
12,651
12,689
12,705
12,945
12,989
12,1126
12,1178
12,1235
12,1357
13,424
13,571
13,820
13,849
13,893
13,1074
13,1388
13,1446
13,1462
14,62
14,343
14,476
14,524
14,717
14,857
14,873
14,977
14,1033
14,1159
15,305
15,500
15,512
15,614
15,968
15,1010
15,1140
15,1311
15,1494
16,57
16,79
16,174
16,522
16,561
16,691
16,767
16,1006
16,1282
17,49
17,186
17,326
17,445
17,448
17,599
17,637
17,1300
17,1395
18,164
18,244
18,850
18,943
18,1176
19,46
19,108
19,407
19,745
19,752
19,1193
19,1304
19,1397
20,272
20,389
20,509
20,757
20,914
20,937
20,1040
20,1288
20,1310
21,399
21,811
21,861
21,891
21,1117
21,1191
21,1284
22,53
22,327
22,438
22,833
22,1037
22,1295
22,1498
23,300
23,439
23,801
23,871
23,881
23,931
23,1021
23,1185
23,1250
23,1393
24,192
24,324
24,518
24,628
24,747
24,784
24,901
24,1149
24,1175
24,1349
25,237
25,770
25,855
25,877
25,1104
25,1167
25,1187
25,1414
25,1472
26,320
26,483
26,821
26,982
26,996
26,1313
26,1399
26,1465
27,33
27,171
27,356
27,511
27,796
27,1087
27,1233
27,1314
27,1341
28,41
28,45
28,347
28,493
28,566
28,670
28,706
28,1085
28,1112
28,1190
29,97
29,566
29,575
29,708
29,946
29,1123
29,1434
30,118
30,185
30,299
30,515
30,562
30,598
30,695
30,800
30,904
30,1390
31,148
31,272
31,864
31,914
31,937
31,1029
31,1121
31,1445
32,251
32,486
32,557
32,785
32,859
32,1009
32,1054
32,1090
32,1334
32,1377
33,171
33,356
33,797
33,851
33,1233
34,122
34,458
34,502
34,817
34,840
34,933
34,1045
34,1417
35,145
35,246
35,521
35,591
35,756
35,970
35,1254
35,1294
35,1373
36,128
36,214
36,344
36,451
36,536
36,809
36,1127
36,1188
36,1335
36,1440
37,64
37,251
37,341
37,693
37,908
37,1009
37,1500
38,70
38,141
38,228
38,385
38,517
38,840
38,845
38,1122
38,1360
39,420
39,651
39,963
39,987
39,1022
39,1032
39,1217
40,76
40,168
40,655
40,916
40,1160
40,1320
41,65
41,566
41,706
41,805
41,1085
41,1089
41,1130
41,1190
42,608
42,655
42,663
42,841
42,978
42,1141
42,1403
42,1475
43,154
43,291
43,457
43,668
43,721
43,1213
43,1318
43,1430
44,51
44,473
44,685
44,972
44,1086
44,1185
45,229
45,323
45,349
45,404
45,706
45,985
45,1143
45,1190
46,102
46,293
46,579
46,853
46,969
46,1014
46,1107
46,1304
46,1461
47,228
47,517
47,558
47,748
47,929
47,974
47,1056
47,1068
47,1379
48,50
48,219
48,598
48,624
48,1118
48,1154
48,1331
48,1402
48,1444
49,57
49,142
49,1259
49,1282
49,1300
49,1424
50,678
50,839
50,958
50,1064
50,1154
50,1331
50,1402
50,1444
51,313
51,388
51,786
51,884
51,1241
51,1263
51,1265
52,112
52,276
52,686
52,725
52,1165
52,1376
52,1381
52,1416
53,141
53,391
53,603
53,833
53,837
53,981
53,1498
54,261
54,649
54,650
54,726
54,986
54,1136
54,1325
54,1336
54,1490
55,210
55,247
55,292
55,645
55,790
55,886
55,979
55,1206
55,1485
56,141
56,211
56,391
56,690
56,833
56,1042
56,1290
56,1297
56,1391
57,445
57,767
57,879
57,1139
57,1259
57,1282
57,1300
57,1484
57,1489
58,125
58,324
58,516
58,623
58,1169
58,1218
58,1463
59,145
59,300
59,424
59,439
59,696
59,898
59,931
59,1018
59,1294
59,1497
60,254
60,372
60,505
60,831
60,846
60,910
61,227
61,661
61,772
61,956
61,1256
62,343
62,524
62,542
62,682
62,926
62,977
62,1033
62,1162
62,1472
63,251
63,405
63,699
63,971
63,1054
63,1152
63,1247
63,1394
64,165
64,341
64,557
64,693
64,1009
64,1253
64,1500
65,363
65,493
65,549
65,566
65,634
65,1085
65,1089
65,1289
65,1351
66,67
66,68
66,329
66,507
66,644
66,743
66,750
66,1356
67,68
67,204
67,428
67,644
67,656
67,900
67,1256
67,1321
67,1413
68,329
68,644
68,743
68,750
68,843
68,900
68,1030
68,1214
69,418
69,592
69,682
69,971
69,1095
69,1096
69,1382
70,228
70,517
70,760
70,1122
70,1227
70,1360
70,1401
70,1456
71,165
71,298
71,341
71,364
71,652
71,1043
71,1064
71,1067
72,114
72,264
72,584
72,618
72,733
72,1059
72,1276
73,241
73,488
73,712
73,719
73,727
73,1146
73,1271
73,1467
74,77
74,80
74,392
74,429
74,433
74,774
74,1082
74,1272
74,1457
74,1492
75,205
75,268
75,286
75,350
75,601
75,927
75,957
75,1419
75,1436
75,1487
76,110
76,655
76,978
76,1003
76,1160
76,1198
76,1475
77,80
77,392
77,564
77,1082
77,1115
77,1277
77,1432
77,1463
78,344
78,451
78,475
78,924
78,1127
78,1293
78,1392
79,196
79,289
79,561
79,594
79,691
79,998
79,1177
79,1387
80,216
80,321
80,1082
80,1115
80,1170
80,1277
80,1457
81,285
81,300
81,424
81,898
81,1018
81,1021
81,1024
81,1393
82,143
82,376
82,407
82,414
82,546
82,694
82,823
82,1039
82,1262
82,1464
83,117
83,135
83,155
83,997
83,1064
83,1183
83,1287
83,1333
84,111
84,793
84,822
84,1142
84,1145
84,1157
84,1260
84,1337
84,1476
85,292
85,510
85,576
85,615
85,938
85,1309
85,1359
85,1420
86,469
86,500
86,932
86,976
86,1035
86,1207
86,1216
87,283
87,620
87,744
87,863
87,1058
87,1079
87,1338
87,1363
88,224
88,346
88,377
88,602
88,700
88,759
88,1114
88,1132
88,1225
89,152
89,183
89,538
89,634
89,708
89,946
89,954
89,1029
89,1289
90,455
90,508
90,692
90,881
90,890
90,1036
90,1072
90,1138
90,1243
91,227
91,413
91,462
91,489
91,631
91,638
91,639
91,996
91,1174
92,162
92,591
92,677
92,1254
92,1332
92,1398
92,1468
93,230
93,483
93,562
93,573
93,622
93,715
93,827
93,1118
93,1296
94,498
94,530
94,664
94,999
94,1007
94,1155
94,1246
94,1291
94,1494
95,150
95,183
95,203
95,573
95,1199
95,1296
96,451
96,571
96,613
96,820
96,849
96,1017
96,1222
96,1303
96,1483
97,201
97,355
97,708
97,946
97,992
97,1123
97,1130
98,151
98,263
98,348
98,1091
98,1239
98,1244
98,1261
98,1364
98,1478
99,247
99,292
99,490
99,790
99,791
99,808
99,938
99,1301
99,1420
100,237
100,470
100,552
100,709
100,838
100,1034
100,1048
100,1073
100,1386
100,1414
101,601
101,787
101,879
101,896
101,984
101,1046
101,1186
101,1343
101,1484
102,293
102,579
102,581
102,804
102,853
102,1014
102,1181
102,1461
103,140
103,235
103,477
103,794
103,866
103,1267
103,1285
103,1315
104,184
104,229
104,316
104,427
104,834
104,1143
104,1292
105,280
105,510
105,576
105,597
105,615
105,1352
105,1359
106,118
106,177
106,304
106,371
106,487
106,568
106,683
106,955
106,1443
107,120
107,197
107,330
107,394
107,698
107,1000
107,1115
107,1151
107,1217
108,570
108,745
108,969
108,1014
108,1193
108,1304
108,1461
109,296
109,773
109,782
109,1020
109,1323
109,1421
109,1438
109,1499
110,490
110,497
110,655
110,787
110,978
110,984
110,1055
110,1160
111,495
111,545
111,646
111,647
111,793
111,822
111,1157
111,1168
111,1260
112,252
112,370
112,649
112,650
112,975
112,1136
112,1336
112,1376
113,533
113,548
113,552
113,736
113,741
113,1034
113,1048
113,1063
113,1106
114,132
114,170
114,270
114,630
114,771
114,1059
114,1093
114,1156
114,1425
115,137
115,232
115,573
115,622
115,675
115,799
115,1173
115,1199
115,1437
116,367
116,436
116,606
117,135
117,541
117,939
117,997
117,1183
117,1197
117,1333
117,1479
118,230
118,562
118,598
118,715
118,758
118,800
118,904
118,1124
119,137
119,176
119,259
119,476
119,717
119,873
119,922
119,1159
119,1173
120,216
120,218
120,330
120,394
120,457
120,1115
120,1151
121,139
121,378
121,616
121,633
121,761
121,815
121,973
121,1047
122,185
122,458
122,626
122,658
122,779
122,839
122,933
122,958
123,142
123,265
123,380
123,637
123,1098
123,1125
123,1139
124,136
124,263
124,620
124,744
124,868
124,921
124,950
124,1239
125,184
125,266
125,427
125,553
125,572
125,592
125,600
125,1292
126,451
126,472
126,924
126,1101
126,1273
126,1303
126,1342
127,226
127,718
127,780
127,850
127,1181
128,409
128,809
128,944
128,1027
128,1455
128,1457
128,1492
129,155
129,420
129,422
129,531
129,801
129,832
129,997
129,1250
129,1294
130,650
130,653
130,948
130,950
130,1056
130,1068
130,1239
130,1244
130,1339
130,1496
131,262
131,377
131,465
131,822
131,907
131,1225
131,1232
131,1439
132,182
132,186
132,270
132,328
132,627
132,1093
132,1166
133,206
133,452
133,811
133,844
133,1117
133,1240
133,1252
133,1270
133,1404
134,419
134,759
134,763
134,855
134,872
134,880
134,1280
134,1361
135,541
135,578
135,939
135,952
135,1067
135,1183
135,1229
136,263
136,620
136,744
136,921
136,936
136,950
136,1016
136,1105
136,1137
137,232
137,259
137,485
137,543
137,622
137,1173
137,1199
137,1353
138,317
138,681
138,1039
138,1089
138,1221
138,1262
138,1298
138,1347
138,1464
139,243
139,378
139,481
139,815
139,990
139,1047
139,1231
139,1278
139,1317
140,213
140,594
140,794
140,1006
140,1177
140,1224
140,1285
141,391
141,671
141,833
141,1290
141,1297
141,1360
142,144
142,290
142,1120
142,1125
142,1259
142,1424
142,1489
143,317
143,376
143,414
143,546
143,731
143,823
143,1155
144,265
144,290
144,424
144,696
144,1120
144,1125
144,1255
144,1388
144,1462
145,591
145,801
145,970
145,1200
145,1254
145,1294
145,1497
146,160
146,180
146,628
146,657
146,733
146,906
146,980
146,1410
146,1491
146,1501
147,258
147,325
147,619
147,1057
147,1366
147,1380
147,1458
147,1474
148,272
148,306
148,551
148,914
148,937
148,1121
148,1378
148,1396
149,151
149,233
149,348
149,990
149,1091
149,1100
149,1261
149,1317
149,1381
150,203
150,530
150,554
150,852
150,1246
150,1296
151,348
151,858
151,948
151,1091
151,1244
151,1261
151,1496
152,442
152,538
152,554
152,806
152,875
152,912
152,954
152,1029
153,252
153,297
153,309
153,430
153,710
153,995
153,1001
153,1043
153,1044
153,1110
154,264
154,291
154,459
154,516
154,584
154,751
154,903
154,1220
154,1318
155,422
155,832
155,997
155,1022
155,1286
155,1287
156,338
156,639
156,676
156,828
156,1174
156,1367
156,1492
156,1495
157,173
157,307
157,433
157,828
157,1015
157,1268
157,1460
157,1492
158,437
158,478
158,532
158,667
158,807
158,838
158,877
158,1167
158,1187
158,1350
159,176
159,232
159,506
159,928
159,1109
159,1199
159,1242
159,1434
159,1445
160,180
160,628
160,657
160,906
160,1169
160,1203
160,1410
160,1491
160,1501
161,252
161,297
161,309
161,430
161,911
161,1001
161,1500
162,400
162,867
162,1254
162,1332
162,1398
162,1468
163,181
163,220
163,310
163,419
163,763
163,813
164,244
164,610
164,902
164,1283
164,1427
165,241
165,278
165,652
165,693
165,723
165,1064
165,1433
166,256
166,355
166,571
166,641
166,687
166,820
166,893
166,1071
166,1205
166,1405
167,468
167,507
167,863
167,918
167,1079
167,1103
167,1192
167,1257
168,637
168,655
168,896
168,1160
168,1186
168,1326
168,1415
169,337
169,351
169,371
169,375
169,568
169,713
169,955
169,1141
170,374
170,504
170,630
170,1050
170,1059
170,1156
170,1409
170,1425
171,217
171,387
171,796
171,797
171,851
171,941
171,1233
172,340
172,641
172,814
172,845
172,1332
172,1468
173,197
173,198
173,321
173,394
173,640
173,1305
173,1492
174,474
174,522
174,691
174,767
174,1037
174,1161
174,1290
174,1498
175,299
175,322
175,455
175,890
175,1243
175,1291
175,1454
176,223
176,232
176,506
176,851
176,1159
176,1173
176,1242
177,337
177,371
177,375
177,487
177,568
177,683
177,720
177,955
178,260
178,403
178,531
178,558
178,591
178,867
178,1332
179,409
179,494
179,583
179,862
179,1264
179,1306
179,1375
179,1428
179,1460
180,628
180,657
180,1012
180,1193
180,1450
181,220
181,310
181,665
181,813
181,1094
181,1179
181,1446
181,1466
182,220
182,250
182,374
182,382
182,810
182,861
182,930
182,1166
182,1179
182,1361
183,203
183,632
183,928
183,1029
183,1109
183,1199
183,1445
184,229
184,572
184,629
184,994
184,1143
184,1292
184,1431
185,240
185,458
185,589
185,695
185,904
185,933
185,1147
185,1390
186,328
186,448
186,599
186,627
186,1230
186,1248
186,1326
186,1395
187,395
187,434
187,726
187,820
187,1017
187,1069
187,1205
187,1222
188,438
188,603
188,641
188,677
188,838
188,876
188,1081
188,1172
188,1398
189,307
189,345
189,396
189,406
189,499
189,774
189,825
189,1451
189,1477
190,231
190,453
190,492
190,586
190,691
190,860
190,1046
190,1341
190,1487
191,563
191,588
191,647
191,722
191,793
191,835
191,940
191,1113
191,1260
192,518
192,1088
192,1175
192,1308
193,233
193,507
193,621
193,725
193,815
193,988
193,990
193,1257
193,1302
193,1422
194,206
194,523
194,670
194,1148
194,1359
194,1407
195,231
195,492
195,804
195,998
195,1350
195,1442
196,211
196,289
196,358
196,589
196,594
196,658
196,678
196,998
197,198
197,269
197,394
197,429
197,640
197,1000
197,1115
197,1305
198,242
198,269
198,313
198,429
198,456
198,1305
199,849
199,924
199,946
199,1101
199,1255
199,1354
199,1378
199,1396
199,1462
200,280
200,284
200,361
200,410
200,493
200,549
200,566
200,905
200,1109
201,355
201,687
201,992
201,1066
201,1130
201,1289
201,1351
202,223
202,680
202,1040
202,1173
202,1242
202,1426
202,1435
202,1453
202,1498
203,530
203,573
203,632
203,634
203,852
203,1296
204,452
204,501
204,526
204,609
204,644
204,656
204,843
204,1488
205,286
205,303
205,586
205,601
205,953
205,965
205,1419
205,1436
206,417
206,670
206,797
206,844
206,1117
206,1148
206,1191
206,1270
207,372
207,625
207,754
207,775
207,856
207,910
207,1239
207,1339
207,1364
207,1368
208,370
208,480
208,1065
208,1134
208,1136
208,1165
208,1376
208,1381
209,365
209,588
209,690
209,1113
209,1267
209,1315
209,1481
210,247
210,292
210,732
210,790
210,847
210,886
210,920
210,979
210,1394
211,289
211,358
211,658
211,678
211,779
211,1295
211,1391
212,494
212,798
212,944
212,1082
212,1148
212,1272
212,1307
212,1362
212,1428
213,515
213,589
213,594
213,672
213,695
213,890
213,1177
213,1224
213,1285
214,344
214,451
214,536
214,1127
214,1335
214,1342
214,1469
215,255
215,294
215,491
215,761
215,1165
215,1317
215,1381
215,1432
216,394
216,1115
216,1234
216,1277
216,1432
216,1457
217,223
217,306
217,387
217,864
217,941
217,1161
217,1385
218,457
218,514
218,668
218,908
218,1129
218,1165
218,1430
218,1432
219,539
219,624
219,897
219,1118
219,1144
219,1202
219,1353
220,250
220,382
220,810
220,880
220,1166
220,1179
220,1280
220,1361
221,284
221,387
221,493
221,566
221,864
221,1099
221,1434
222,645
222,688
222,730
222,787
222,878
222,1031
222,1084
222,1311
222,1330
222,1343
223,474
223,522
223,551
223,851
223,941
223,1242
223,1385
224,335
224,346
224,377
224,895
224,991
224,1225
224,1455
225,271
225,308
225,415
225,560
225,1241
225,1371
226,513
226,624
226,780
226,878
226,1031
227,413
227,462
227,583
227,638
227,656
227,772
227,894
227,1174
227,1413
228,385
228,517
228,840
228,1360
228,1456
229,323
229,404
229,572
229,1112
229,1143
229,1292
229,1431
230,483
230,562
230,598
230,715
230,827
230,1118
230,1124
231,807
231,1046
231,1176
231,1322
231,1487
232,1173
232,1199
232,1426
232,1435
233,948
233,990
233,1244
233,1261
233,1317
233,1381
233,1496
234,235
234,288
234,314
234,441
234,477
234,870
234,1024
234,1209
234,1396
235,314
235,441
235,477
235,866
235,1209
235,1226
235,1267
235,1285
235,1374
236,594
236,672
236,1144
236,1223
236,1387
237,709
237,838
237,1048
237,1073
237,1386
237,1414
238,342
238,582
238,858
238,918
238,960
238,1050
238,1231
238,1422
238,1478
239,286
239,450
239,646
239,663
239,841
239,1061
239,1421
239,1447
240,458
240,593
240,713
240,904
240,915
240,933
240,1147
240,1390
241,253
241,482
241,514
241,652
241,723
241,1032
241,1146
242,554
242,705
242,806
242,1305
242,1495
243,555
243,815
243,926
243,960
243,1047
243,1208
243,1231
243,1257
243,1472
244,610
244,611
244,943
244,1176
244,1249
244,1283
245,262
245,465
245,716
245,899
245,917
245,1092
245,1219
246,376
246,416
246,422
246,521
246,756
246,970
246,1358
246,1373
247,359
247,471
247,490
247,808
247,1279
247,1301
247,1394
248,432
248,790
248,826
248,959
248,1010
248,1164
248,1301
248,1485
249,364
249,485
249,525
249,799
249,803
249,885
249,964
249,1041
249,1195
249,1435
250,287
250,861
250,880
250,891
250,1179
251,405
251,557
251,616
251,654
251,859
251,1009
251,1090
252,309
252,686
252,911
252,975
252,1001
252,1044
252,1080
253,330
253,482
253,727
253,1032
253,1217
254,421
254,569
254,666
254,868
254,1220
255,294
255,319
255,491
255,600
255,994
255,1100
255,1317
256,355
256,475
256,520
256,613
256,687
256,792
256,820
256,1066
256,1347
257,590
257,617
257,665
257,962
257,1200
257,1254
257,1281
257,1446
258,518
258,570
258,1014
258,1051
258,1380
258,1474
259,485
259,703
259,717
259,977
259,1057
259,1159
259,1173
260,403
260,531
260,558
260,591
260,748
260,974
260,1332
261,384
261,650
261,986
261,1017
261,1023
261,1222
261,1324
261,1405
261,1490
262,335
262,377
262,822
262,895
262,991
262,1219
262,1225
263,342
263,858
263,921
263,950
263,1239
263,1244
263,1478
264,584
264,883
264,903
264,1215
264,1276
265,290
265,665
265,696
265,898
265,1125
266,316
266,418
266,427
266,592
266,1292
266,1450
267,327
267,437
267,474
267,776
267,838
267,860
267,1038
267,1350
268,303
268,350
268,468
268,586
268,1356
268,1419
268,1436
269,394
269,429
269,449
269,607
269,640
269,1151
270,463
270,612
270,733
270,889
270,932
270,962
271,308
271,402
271,415
271,454
271,560
271,1131
271,1142
271,1158
271,1329
272,444
272,757
272,914
272,1029
272,1310
272,1396
272,1445
273,454
273,465
273,528
273,625
273,673
273,679
273,716
273,951
273,1128
273,1232
274,660
274,780
274,878
274,1223
274,1343
275,467
275,533
275,726
275,986
275,1205
275,1325
275,1405
276,466
276,661
276,662
276,686
276,761
276,1129
276,1376
276,1416
277,312
277,346
277,384
277,480
277,653
277,895
277,899
277,917
277,1065
277,1219
278,296
278,366
278,557
278,693
278,1319
278,1372
278,1389
278,1411
278,1499
279,282
279,386
279,604
279,630
279,747
279,818
279,1204
279,1441
280,361
280,410
280,543
280,1164
280,1352
280,1473
281,485
281,539
281,622
281,799
281,827
281,1062
281,1118
281,1195
281,1353
282,610
282,818
282,1176
282,1249
282,1427
283,507
283,535
283,744
283,750
283,863
283,988
283,1363
284,506
284,670
284,797
284,1099
284,1109
284,1434
285,786
285,972
285,1021
285,1036
285,1184
285,1209
285,1273
285,1337
285,1348
286,601
286,646
286,916
286,927
286,965
286,1436
287,399
287,759
287,811
287,861
287,891
287,930
287,1132
287,1280
288,870
288,1101
288,1211
288,1273
288,1374
289,594
289,678
289,1177
289,1290
289,1295
289,1387
290,424
290,696
290,898
290,1024
290,1120
290,1125
290,1255
291,411
291,459
291,516
291,584
291,751
291,1213
292,510
292,790
292,791
292,886
292,938
292,1309
292,1420
293,570
293,697
293,1014
293,1060
293,1181
293,1304
294,481
294,491
294,761
294,1100
294,1317
294,1381
295,324
295,459
295,460
295,516
295,623
295,751
295,784
295,901
295,1102
295,1149
296,366
296,569
296,773
296,1389
296,1411
296,1417
296,1480
296,1499
297,298
297,309
297,364
297,1043
297,1044
297,1500
298,383
298,758
298,821
298,827
298,1002
298,1064
299,322
299,515
299,534
299,695
299,800
299,890
299,1072
299,1243
300,424
300,1018
300,1021
300,1294
300,1393
300,1497
301,486
301,527
301,684
301,732
301,812
301,819
301,886
301,1247
301,1251
301,1412
302,436
302,648
302,783
302,1155
302,1397
302,1410
302,1501
303,453
303,586
303,942
303,1087
303,1341
303,1356
303,1419
304,456
304,487
304,884
304,892
304,1053
304,1072
304,1196
304,1274
304,1443
305,802
305,1133
305,1140
305,1164
305,1328
305,1473
305,1494
306,551
306,575
306,864
306,1121
306,1255
306,1354
306,1396
307,499
307,774
307,862
307,887
307,1264
307,1306
308,415
308,560
308,707
308,789
308,883
308,1158
308,1263
309,710
309,975
309,1001
309,1043
309,1500
310,641
310,677
310,737
310,893
310,1034
310,1446
311,459
311,584
311,751
311,868
311,910
311,949
311,1105
311,1149
312,346
312,480
312,491
312,809
312,895
312,1170
312,1335
312,1365
313,473
313,565
313,640
313,830
313,884
313,1000
313,1241
313,1263
313,1265
314,441
314,496
314,559
314,795
314,866
314,1267
315,393
315,546
315,578
315,742
315,777
315,1060
315,1180
315,1229
316,418
316,427
316,592
316,642
316,1096
316,1292
316,1382
316,1450
317,731
317,989
317,1076
317,1178
317,1221
317,1235
317,1298
317,1467
318,334
318,347
318,363
318,813
318,1130
318,1275
318,1346
318,1383
318,1429
319,349
319,759
319,872
319,1091
319,1100
319,1114
319,1237
320,675
320,799
320,821
320,1355
320,1426
320,1437
320,1471
321,338
321,429
321,1305
321,1327
321,1367
321,1457
321,1492
322,515
322,695
322,800
322,890
322,1072
322,1243
322,1454
323,404
323,572
323,629
323,798
323,994
323,1307
323,1431
324,516
324,623
324,657
324,784
324,901
324,1169
324,1218
325,570
325,697
325,939
325,1180
325,1458
325,1474
326,445
326,537
326,829
326,1087
326,1314
326,1404
327,474
327,603
327,671
327,1037
327,1384
328,448
328,599
328,627
328,1116
328,1230
328,1236
328,1326
329,484
329,644
329,843
329,942
329,1356
329,1488
330,482
330,651
330,689
330,727
330,945
330,1115
330,1234
331,575
331,729
331,961
331,1085
331,1123
331,1284
331,1466
332,717
332,977
332,979
332,1057
332,1171
332,1474
333,381
333,529
333,856
333,974
333,1005
333,1023
333,1028
334,642
334,834
334,983
334,1143
334,1237
334,1275
334,1292
335,669
335,793
335,822
335,1145
335,1225
336,420
336,721
336,775
336,831
336,903
336,910
336,987
336,1086
336,1215
337,351
337,713
337,915
337,955
337,1141
337,1403
337,1470
338,362
338,676
338,768
338,875
338,912
338,1174
338,1367
338,1495
339,961
339,1284
339,1424
340,814
340,893
340,923
340,1074
340,1446
340,1468
340,1483
340,1497
341,440
341,693
341,911
341,1009
341,1500
342,918
342,960
342,1016
342,1050
342,1204
342,1422
342,1478
343,857
343,977
343,1033
343,1159
343,1340
344,451
344,475
344,536
344,912
344,924
344,1127
344,1469
345,469
345,825
345,865
345,874
345,1189
345,1203
345,1451
345,1477
345,1501
346,491
346,700
346,759
346,895
346,1114
346,1219
346,1261
347,706
347,1112
347,1143
347,1429
348,858
348,960
348,990
348,1091
348,1231
348,1244
348,1422
349,404
349,759
349,985
349,1112
349,1114
350,468
350,927
350,957
350,1079
350,1423
350,1436
351,568
351,663
351,841
351,915
351,1004
351,1141
351,1499
352,547
352,837
352,1106
352,1110
352,1355
352,1426
352,1449
352,1453
353,665
353,696
353,749
353,781
353,1116
353,1125
353,1424
354,413
354,431
354,462
354,577
354,900
354,1399
354,1406
354,1413
355,613
355,687
355,820
355,992
355,1066
355,1130
356,714
356,816
356,857
356,1233
357,428
357,507
357,595
357,725
357,956
357,1103
357,1256
357,1302
358,589
358,594
358,658
358,678
358,690
358,779
358,933
359,471
359,490
359,497
359,808
359,847
359,1206
359,1279
359,1330
360,608
360,1003
360,1279
360,1403
360,1470
361,410
361,530
361,549
361,802
361,905
361,1164
361,1407
361,1473
362,631
362,643
362,768
362,875
362,1174
362,1399
362,1465
363,706
363,1066
363,1085
363,1089
363,1130
363,1351
364,799
364,821
364,1041
364,1043
364,1067
365,450
365,593
365,674
365,1113
365,1447
366,458
366,904
366,1411
366,1417
366,1499
367,369
367,373
367,473
367,606
367,664
367,689
367,705
367,830
367,1235
368,417
368,446
368,511
368,526
368,576
368,816
368,1011
368,1309
369,373
369,830
369,963
369,1250
370,423
370,686
370,1134
370,1376
370,1381
371,375
371,487
371,568
371,713
371,955
372,666
372,868
372,910
372,919
372,929
372,1368
372,1379
373,871
373,963
373,1185
373,1250
374,679
374,700
374,810
374,930
374,1093
374,1135
374,1409
375,486
375,684
375,720
375,955
375,1334
375,1412
375,1470
376,414
376,416
376,541
376,823
376,1197
376,1228
377,991
377,1132
377,1225
377,1240
377,1252
377,1362
377,1439
378,616
378,815
378,973
378,1047
378,1095
378,1162
378,1472
379,542
379,619
379,642
379,682
379,983
379,1096
379,1210
379,1299
379,1382
380,512
380,544
380,766
380,788
380,1139
380,1186
380,1311
380,1489
381,420
381,531
381,801
381,1028
381,1086
381,1185
381,1250
382,763
382,810
382,880
382,1179
382,1280
382,1361
383,440
383,638
383,693
383,720
383,925
383,1002
383,1344
384,451
384,480
384,653
384,1017
384,1023
384,1136
384,1342
385,817
385,840
385,1045
385,1058
385,1227
385,1297
385,1338
385,1401
386,579
386,604
386,771
386,969
386,1107
386,1441
387,864
387,941
387,961
387,1099
387,1284
387,1434
388,534
388,786
388,1036
388,1241
389,547
389,577
389,757
389,914
389,1119
389,1288
389,1310
389,1399
390,466
390,616
390,661
390,662
390,812
390,859
390,973
390,1090
390,1150
391,690
391,739
391,833
391,981
391,1212
391,1290
391,1315
392,724
392,798
392,944
392,1082
392,1170
392,1272
392,1457
393,425
393,642
393,742
393,777
393,834
393,983
393,1258
393,1464
394,429
394,449
394,1115
394,1151
395,434
395,726
395,1017
395,1026
395,1069
395,1293
395,1392
396,499
396,753
396,1003
396,1015
396,1198
396,1459
397,540
397,812
397,1033
397,1095
397,1162
397,1171
397,1208
397,1340
397,1369
398,643
398,768
398,912
398,1174
398,1367
398,1418
399,599
399,811
399,861
399,891
399,1117
399,1252
399,1395
400,579
400,581
400,738
400,804
400,867
400,1479
401,505
401,558
401,626
401,832
401,846
401,967
401,1238
402,415
402,454
402,560
402,1131
402,1157
402,1329
402,1475
403,531
403,591
403,801
403,814
403,923
403,1254
403,1294
404,798
404,985
404,1112
404,1114
404,1307
404,1431
405,460
405,569
405,824
405,1008
405,1152
405,1318
405,1372
405,1389
406,755
406,774
406,1049
406,1148
406,1264
406,1272
406,1451
407,570
407,694
407,745
407,752
407,1012
407,1060
407,1193
407,1397
407,1450
408,673
408,716
408,1005
408,1092
408,1269
408,1337
408,1476
409,433
409,944
409,1027
409,1264
409,1428
409,1460
410,605
410,826
410,854
410,1164
410,1359
410,1473
411,449
411,479
411,564
411,701
411,865
411,1213
411,1218
412,540
412,1251
412,1309
412,1340
413,462
413,639
413,740
413,1174
413,1399
413,1406
413,1413
414,416
414,546
414,731
414,1039
414,1228
414,1286
415,454
415,560
415,888
415,1142
415,1329
416,422
416,521
416,756
416,997
416,1197
416,1228
416,1333
416,1373
416,1479
417,576
417,580
417,615
417,797
417,1011
417,1352
417,1359
418,427
418,587
418,592
418,1051
418,1096
419,532
419,763
419,872
419,877
419,1187
420,422
420,831
420,832
420,963
420,1022
420,1086
421,435
421,502
421,519
421,620
421,666
421,868
421,921
421,936
421,1105
422,997
422,1022
422,1228
422,1250
423,434
423,482
423,712
423,726
423,1069
423,1134
423,1165
423,1234
423,1271
424,898
424,1018
424,1255
424,1462
424,1497
425,470
425,548
425,681
425,742
425,834
425,983
425,1275
425,1383
426,581
426,738
426,804
426,867
426,1332
426,1398
426,1479
427,592
427,600
427,682
427,1278
427,1292
428,526
428,540
428,644
428,942
428,1075
428,1103
428,1256
429,640
429,1268
429,1492
430,440
430,585
430,1001
430,1355
430,1471
431,563
431,643
431,740
431,1019
431,1030
431,1119
431,1321
431,1418
431,1440
432,539
432,703
432,728
432,762
432,897
432,947
432,1133
432,1353
432,1452
432,1485
433,774
433,1264
433,1272
433,1306
433,1460
433,1492
434,712
434,726
434,1026
434,1069
434,1178
434,1234
434,1271
434,1392
435,620
435,773
435,782
435,1020
435,1105
435,1323
435,1421
435,1438
436,648
436,664
436,1155
436,1163
436,1328
437,478
437,659
437,667
437,807
437,860
437,1187
437,1442
438,671
438,838
438,1081
438,1350
438,1384
438,1398
438,1442
439,590
439,696
439,781
439,898
439,931
439,935
439,1312
440,585
440,894
440,925
440,996
440,1344
440,1500
441,444
441,559
441,870
441,1211
441,1378
441,1396
442,475
442,520
442,538
442,852
442,954
442,1076
442,1289
442,1357
443,595
443,621
443,649
443,725
443,988
443,1097
443,1214
443,1227
443,1456
444,559
444,643
444,870
444,914
444,1211
444,1378
444,1396
445,448
445,537
445,829
445,953
445,1259
445,1300
446,511
446,540
446,816
446,1011
446,1033
446,1208
446,1340
447,508
447,672
447,692
447,794
447,1006
447,1489
447,1493
448,599
448,637
448,861
448,1395
448,1424
449,564
449,607
449,1052
449,1115
449,1151
449,1213
450,646
450,674
450,957
450,1061
450,1408
450,1421
450,1447
451,536
451,1017
451,1065
451,1127
451,1335
451,1342
452,501
452,526
452,844
452,1075
452,1362
452,1428
453,503
453,586
453,807
453,860
453,1025
453,1341
453,1487
454,465
454,528
454,673
454,716
454,883
454,1142
454,1158
454,1329
455,464
455,508
455,692
455,890
455,909
455,1138
455,1243
456,746
456,828
456,1053
456,1196
456,1274
456,1443
456,1495
457,514
457,516
457,654
457,668
457,908
457,1430
458,779
458,839
458,904
458,1411
458,1417
458,1499
459,584
459,751
459,824
459,1102
459,1149
459,1318
460,516
460,699
460,824
460,1008
460,1318
460,1430
461,467
461,533
461,710
461,837
461,995
461,1063
461,1080
461,1106
461,1110
461,1449
462,489
462,638
462,894
462,925
462,996
462,1313
462,1344
463,590
463,734
463,781
463,932
463,962
463,980
463,1035
463,1098
463,1116
464,544
464,672
464,692
464,766
464,968
464,1070
464,1345
464,1454
465,673
465,716
465,1128
465,1158
465,1232
465,1476
466,616
466,661
466,662
466,686
466,725
466,1090
466,1416
467,533
467,975
467,986
467,1080
467,1205
467,1325
468,507
468,535
468,863
468,918
468,1079
468,1192
468,1356
468,1423
469,825
469,888
469,976
469,1216
469,1316
469,1477
470,548
470,642
470,869
470,983
470,1386
470,1414
471,490
471,497
471,567
471,808
471,1247
471,1279
471,1370
471,1470
472,1005
472,1018
472,1101
472,1273
472,1303
472,1342
472,1469
472,1483
473,606
473,705
473,830
473,871
473,1138
473,1265
474,522
474,860
474,1037
474,1038
474,1161
475,520
475,538
475,613
475,924
475,946
476,680
476,709
476,736
476,873
476,1159
477,794
477,1006
477,1121
477,1226
477,1285
478,503
478,532
478,659
478,667
478,807
478,818
478,960
478,1423
479,564
479,701
479,888
479,1052
479,1182
479,1189
479,1459
480,809
480,1017
480,1065
480,1069
480,1134
480,1335
480,1365
481,633
481,761
481,1047
481,1317
481,1416
482,514
482,712
482,727
482,911
482,1234
483,821
483,827
483,996
483,1437
484,501
484,843
484,942
484,1168
484,1404
484,1419
485,525
485,703
485,717
485,1057
485,1062
485,1353
486,684
486,819
486,1054
486,1247
486,1334
487,639
487,683
487,1196
487,1274
487,1443
488,719
488,742
488,952
488,995
488,1043
488,1067
488,1229
489,638
489,720
489,925
489,982
489,996
489,1002
489,1313
490,497
490,787
490,808
490,1279
490,1301
490,1330
491,994
491,1100
491,1114
491,1170
491,1261
491,1317
492,561
492,691
492,998
492,1037
492,1046
492,1322
493,566
493,1085
493,1190
494,755
494,1049
494,1148
494,1264
494,1307
494,1362
494,1428
495,545
495,646
495,916
495,965
495,1157
495,1168
496,559
496,574
496,739
496,795
496,1119
496,1212
496,1267
497,611
497,787
497,808
497,978
497,984
497,1055
498,664
498,999
498,1007
498,1138
498,1155
498,1235
498,1246
498,1291
499,753
499,774
499,887
499,1003
499,1015
499,1198
500,825
500,959
500,1010
500,1207
500,1216
500,1477
501,843
501,1075
501,1108
501,1240
501,1428
501,1488
502,620
502,666
502,817
502,846
502,929
502,967
502,1020
502,1480
503,659
503,807
503,818
503,1249
503,1423
503,1427
503,1487
504,771
504,949
504,1050
504,1059
504,1156
504,1204
504,1409
504,1425
505,832
505,846
505,967
505,1238
505,1287
506,543
506,580
506,851
506,1109
507,595
507,863
507,1103
507,1257
507,1302
508,692
508,794
508,890
508,1226
508,1285
508,1374
509,547
509,739
509,981
509,1040
509,1212
509,1400
509,1498
510,597
510,615
510,790
510,938
510,1359
510,1420
510,1485
511,796
511,816
511,857
511,942
511,1011
511,1233
512,614
512,766
512,788
512,913
512,1035
512,1207
512,1311
513,624
513,703
513,878
513,897
513,1031
513,1202
514,668
514,723
514,908
514,1217
514,1253
515,695
515,890
515,1454
516,1102
516,1213
516,1430
517,748
517,845
517,1068
517,1456
517,1490
518,901
518,920
518,1051
518,1349
518,1380
519,569
519,782
519,1008
519,1194
519,1283
519,1370
519,1377
519,1389
519,1438
520,852
520,1076
520,1126
520,1293
520,1357
520,1392
521,1312
521,1373
522,981
522,1037
522,1161
522,1290
522,1385
522,1498
523,629
523,854
523,1049
523,1148
523,1451
524,555
524,714
524,770
524,926
524,1167
524,1208
524,1472
525,799
525,885
525,964
525,1057
525,1062
525,1195
526,583
526,644
526,656
526,778
526,1075
526,1375
527,583
527,772
527,778
527,791
527,819
527,862
527,938
527,1309
527,1412
528,627
528,635
528,636
528,735
528,1142
528,1232
528,1326
528,1329
529,653
529,856
529,923
529,974
529,1005
529,1023
529,1028
529,1324
529,1490
530,549
530,634
530,802
530,852
530,1328
530,1351
530,1482
531,591
531,801
531,1185
531,1250
531,1294
532,582
532,667
532,763
532,877
532,960
532,1167
532,1187
533,548
533,710
533,792
533,836
533,1063
533,1205
534,550
534,695
534,786
534,800
534,1004
534,1072
534,1147
534,1390
535,918
535,960
535,1016
535,1257
535,1422
536,1127
536,1335
536,1418
536,1469
537,829
537,879
537,953
537,966
537,1087
537,1282
537,1404
538,708
538,924
538,954
538,1029
539,762
539,947
539,1118
539,1345
539,1452
540,778
540,1033
540,1150
540,1162
540,1208
540,1251
540,1340
541,546
541,939
541,952
541,1183
541,1197
541,1286
541,1333
542,619
542,642
542,682
542,977
542,1096
542,1210
542,1299
542,1382
543,632
543,905
543,1109
543,1352
544,561
544,660
544,730
544,1070
544,1224
544,1484
545,669
545,722
545,793
545,822
545,1108
545,1168
545,1188
546,731
546,952
546,1039
546,1060
546,1197
547,675
547,1040
547,1212
547,1288
547,1355
547,1400
548,681
548,742
548,792
548,869
548,1063
548,1386
549,634
549,802
549,905
549,1351
549,1473
549,1482
550,593
550,695
550,866
550,890
550,1036
550,1147
550,1226
551,937
551,1121
551,1161
551,1242
551,1385
552,709
552,736
552,741
552,922
552,1073
552,1414
553,1169
553,1213
553,1218
553,1463
554,676
554,764
554,806
554,842
554,875
554,1274
554,1296
554,1495
555,667
555,714
555,926
555,1167
555,1192
555,1208
556,593
556,647
556,835
556,1036
556,1260
556,1447
557,569
557,693
557,785
557,1009
557,1194
557,1319
557,1372
557,1377
557,1389
558,748
558,845
558,967
558,1042
558,1391
559,563
559,795
559,870
559,1211
559,1396
560,746
560,1077
560,1241
560,1263
560,1371
561,691
561,730
561,1006
561,1177
561,1224
561,1387
561,1484
562,598
562,715
562,800
562,1118
562,1124
563,795
563,1019
563,1030
563,1119
563,1188
563,1211
564,753
564,769
564,865
564,1151
564,1213
565,607
565,698
565,707
565,721
565,789
565,987
565,1000
566,708
566,961
566,1085
566,1099
566,1123
567,782
567,1141
567,1194
567,1283
567,1370
567,1438
567,1470
568,713
568,915
568,955
568,1004
568,1499
569,824
569,1008
569,1194
569,1372
569,1377
569,1389
570,745
570,1014
570,1060
570,1193
570,1304
570,1461
571,820
571,893
571,1071
571,1074
571,1205
571,1222
571,1405
571,1483
572,600
572,994
572,1143
572,1292
572,1431
573,622
573,632
573,728
573,1199
573,1296
574,743
574,940
574,993
574,1113
574,1119
574,1227
574,1338
574,1401
575,729
575,1120
575,1123
575,1255
575,1259
575,1284
575,1354
575,1388
576,597
576,778
576,882
576,1011
576,1309
577,993
577,1119
577,1310
577,1355
577,1399
577,1400
577,1406
578,742
578,1180
578,1210
578,1229
578,1258
579,581
579,596
579,604
579,853
579,1398
579,1486
580,597
580,797
580,1011
580,1233
580,1352
581,697
581,804
581,853
581,1181
581,1245
581,1479
582,630
582,763
582,771
582,810
582,1050
582,1361
582,1441
582,1478
583,656
583,772
583,819
583,862
583,1306
583,1375
583,1460
584,618
584,751
584,1149
584,1276
585,894
585,1355
585,1400
585,1406
585,1471
586,601
586,1087
586,1341
586,1419
586,1487
587,592
587,616
587,623
587,633
587,699
587,1153
588,866
588,940
588,1113
588,1267
588,1481
589,690
589,695
589,866
589,933
589,1147
590,734
590,781
590,889
590,962
590,970
590,1200
590,1312
590,1358
591,867
591,1254
591,1294
591,1332
592,600
592,682
592,1278
593,647
593,1147
593,1408
593,1447
593,1481
594,678
594,1177
594,1223
594,1387
595,725
595,956
595,1097
595,1214
595,1256
595,1302
596,604
596,677
596,1398
596,1441
596,1468
597,1164
597,1352
597,1359
598,715
598,1118
598,1124
598,1402
599,735
599,1230
599,1248
599,1326
599,1395
600,1047
600,1237
600,1278
600,1292
601,896
601,927
601,953
601,965
601,1419
602,700
602,1132
602,1135
602,1225
602,1248
602,1439
603,671
603,711
603,741
603,833
603,876
603,1122
603,1266
604,737
604,853
604,1013
604,1350
604,1441
604,1442
604,1486
605,826
605,854
605,1010
605,1359
605,1407
605,1473
605,1477
606,664
606,830
606,871
606,909
606,1138
607,640
607,698
607,721
607,789
607,1000
607,1151
608,978
608,1003
608,1198
608,1316
608,1403
609,656
609,740
609,1027
609,1174
609,1321
609,1413
610,902
610,1046
610,1176
610,1249
610,1427
610,1487
611,782
611,902
611,927
611,1055
611,1283
611,1370
611,1438
612,628
612,733
612,889
612,969
612,1107
612,1175
612,1425
613,820
613,849
613,924
613,946
614,1010
614,1140
614,1207
614,1216
615,755
615,862
615,938
615,1309
615,1359
616,633
616,661
616,662
616,859
616,973
616,1090
617,665
617,737
617,962
617,1200
617,1281
618,733
618,784
618,906
618,1059
618,1276
618,1491
619,777
619,1180
619,1299
619,1382
620,744
620,817
620,921
620,1020
620,1058
620,1137
621,649
621,650
621,988
621,1097
621,1363
621,1456
622,799
622,827
622,1199
622,1353
623,699
623,901
623,1153
623,1169
624,718
624,1062
624,1144
624,1223
624,1245
624,1458
625,673
625,679
625,716
625,775
625,883
625,951
625,1093
625,1128
626,658
626,678
626,738
626,779
626,839
626,958
626,1391
627,636
627,951
627,1093
627,1128
627,1230
628,657
628,784
628,906
628,1491
629,765
629,769
629,1201
629,1203
629,1431
629,1451
630,771
630,1050
630,1204
630,1425
631,639
631,676
631,875
631,982
631,996
631,1313
631,1465
632,728
632,905
632,1109
632,1199
632,1452
633,654
633,761
633,973
633,1153
634,708
634,905
634,1289
634,1351
635,636
635,702
635,888
635,976
635,1182
635,1236
635,1316
635,1329
636,702
636,848
636,951
636,976
636,1182
636,1276
636,1329
637,788
637,1116
637,1139
637,1186
637,1236
637,1415
637,1489
638,720
638,819
638,894
638,925
639,683
639,828
639,1174
639,1460
640,1268
640,1305
640,1371
641,741
641,893
641,1034
641,1048
641,1071
641,1081
641,1172
641,1405
642,983
642,1096
642,1275
642,1386
642,1414
643,757
643,768
643,1019
643,1310
643,1399
643,1418
644,843
644,942
644,1075
644,1356
645,808
645,959
645,1084
645,1206
645,1301
645,1330
645,1485
646,647
646,841
646,916
646,965
646,1061
646,1260
646,1447
647,1061
647,1260
647,1447
647,1481
648,734
648,1035
648,1312
648,1410
648,1501
649,650
649,1136
649,1456
649,1496
650,986
650,1136
650,1336
650,1456
650,1496
651,712
651,727
651,731
651,945
651,1032
651,1467
652,723
652,1032
652,1146
652,1183
652,1287
652,1433
653,856
653,899
653,974
653,1023
653,1339
653,1496
654,908
654,1129
654,1430
655,896
655,916
655,978
655,1320
655,1475
656,740
656,772
656,900
656,1375
656,1413
657,752
657,906
657,1012
657,1169
657,1491
658,678
658,779
658,933
658,958
659,807
659,818
659,1249
659,1423
659,1427
660,780
660,878
660,1031
660,1223
660,1343
660,1387
660,1484
661,662
661,725
661,956
661,1090
661,1150
661,1416
662,859
662,973
662,1090
662,1150
663,841
663,915
663,1004
663,1061
663,1131
663,1447
664,999
664,1155
664,1235
665,749
665,962
665,1094
665,1200
665,1446
666,846
666,868
666,929
666,1020
666,1480
667,776
667,807
667,860
667,1025
667,1167
667,1187
668,723
668,831
668,908
668,1217
668,1220
668,1253
669,793
669,822
669,1145
669,1188
669,1211
669,1469
670,844
670,1085
670,1117
670,1190
670,1191
671,833
671,876
671,934
671,1295
671,1384
672,692
672,890
672,1070
672,1224
673,716
673,883
673,1128
673,1158
674,817
674,957
674,1061
674,1323
674,1338
674,1408
674,1421
675,1040
675,1173
675,1288
675,1426
675,1435
676,806
676,842
676,875
676,1274
676,1296
676,1495
677,1081
677,1172
677,1398
677,1468
678,779
678,839
678,934
679,930
679,1093
679,1128
679,1135
679,1409
680,709
680,736
680,1073
680,1453
681,792
681,834
681,983
681,1275
681,1347
681,1383
682,770
682,1096
682,1278
682,1472
683,828
683,887
683,955
683,1015
684,732
684,819
684,1054
684,1247
684,1251
684,1279
684,1412
685,698
685,963
685,987
685,1086
685,1215
685,1448
686,908
686,911
686,1129
686,1165
686,1376
686,1416
687,820
687,1066
687,1347
687,1383
688,787
688,913
688,1084
688,1160
688,1186
688,1207
688,1311
689,727
689,945
689,989
689,1235
689,1305
690,866
690,933
690,1267
690,1297
690,1315
691,1037
691,1177
691,1322
691,1387
691,1484
692,794
692,909
692,1224
692,1243
692,1493
693,785
693,1009
693,1319
693,1411
694,752
694,783
694,823
694,834
694,1262
694,1464
695,800
695,890
695,1390
696,781
696,898
696,1125
697,718
697,939
697,1014
697,1181
697,1458
698,721
698,903
698,987
698,1000
698,1151
698,1217
698,1448
699,901
699,971
699,1152
699,1153
700,759
700,930
700,1132
700,1135
701,906
701,1169
701,1182
701,1189
701,1276
701,1491
702,848
702,888
702,951
702,976
702,1182
702,1189
702,1491
703,897
703,1057
703,1202
703,1353
703,1452
704,780
704,850
704,1014
704,1181
704,1245
704,1461
705,830
705,842
705,999
705,1235
705,1246
705,1305
706,1085
706,1112
706,1130
706,1143
706,1190
707,721
707,789
707,903
707,987
707,1151
708,905
708,1109
708,1289
708,1351
708,1434
709,736
709,1073
709,1414
710,836
710,995
710,1043
710,1044
710,1063
710,1110
711,845
711,876
711,1172
711,1266
711,1325
712,719
712,727
712,1026
712,1178
712,1234
712,1271
712,1467
713,915
713,1004
713,1141
713,1499
714,816
714,857
714,926
714,1025
714,1192
714,1208
715,758
715,821
715,827
715,982
715,1124
716,883
716,1128
716,1158
717,882
717,977
717,1159
717,1171
718,1144
718,1154
718,1181
718,1223
718,1458
719,792
719,836
719,952
719,1039
719,1221
719,1271
719,1467
720,785
720,925
720,1319
720,1334
721,903
721,987
721,1000
721,1217
721,1448
722,743
722,940
722,1030
722,1113
722,1168
722,1481
723,908
723,1217
723,1220
723,1253
724,769
724,994
724,1082
724,1170
724,1277
724,1432
724,1463
725,990
725,1302
725,1416
726,1017
726,1069
726,1136
726,1205
727,945
727,1178
727,1234
727,1467
728,762
728,947
728,1133
728,1452
729,961
729,992
729,1123
729,1130
729,1346
729,1388
729,1466
730,766
730,1139
730,1186
730,1311
730,1484
730,1489
731,945
731,989
731,1039
731,1235
731,1298
731,1467
732,812
732,886
732,920
732,1247
732,1251
732,1369
732,1394
733,848
733,906
733,980
734,781
734,889
734,932
734,1098
734,1312
734,1358
735,907
735,966
735,1157
735,1232
735,1248
735,1320
735,1326
735,1439
736,803
736,922
736,1073
736,1106
736,1210
736,1414
737,771
737,810
737,1281
737,1441
738,839
738,867
738,958
738,1333
738,1479
739,795
739,937
739,981
739,1212
739,1267
739,1315
740,900
740,1174
740,1321
740,1406
740,1413
741,876
741,1034
741,1048
741,1073
742,983
742,1039
742,1229
742,1258
743,750
743,940
743,993
743,1030
743,1097
743,1119
743,1338
744,817
744,921
744,950
744,1056
744,1058
744,1068
744,1363
745,1060
745,1193
745,1197
745,1304
745,1397
746,884
746,1015
746,1053
746,1077
746,1241
746,1263
746,1371
747,943
747,969
747,1088
747,1107
747,1175
747,1204
748,845
748,929
748,974
748,1379
749,861
749,1094
749,1166
749,1179
749,1395
749,1424
750,1097
750,1214
750,1227
751,784
751,1149
751,1276
752,1012
752,1193
752,1397
752,1410
753,774
753,865
753,1459
754,775
754,856
754,899
754,1239
754,1339
754,1364
754,1368
755,862
755,1049
755,1148
755,1264
755,1428
756,867
756,997
756,1333
756,1373
756,1479
757,914
757,928
757,1288
757,1310
757,1445
758,904
758,1002
758,1064
758,1124
758,1331
758,1402
758,1411
759,930
759,1114
759,1132
759,1280
760,837
760,1001
760,1080
760,1360
760,1456
761,1129
761,1153
762,947
762,1133
762,1140
762,1291
762,1452
763,855
763,872
763,877
763,1187
763,1361
764,842
764,892
764,999
764,1083
764,1246
764,1274
764,1291
764,1296
765,805
765,874
765,1143
765,1201
765,1203
765,1431
765,1451
766,788
766,1140
766,1311
766,1493
767,941
767,1006
767,1161
767,1259
767,1282
767,1385
768,875
768,912
768,1174
768,1367
768,1399
768,1418
769,865
769,1169
769,1218
769,1431
769,1463
770,855
770,877
770,1104
770,1231
770,1472
771,810
771,1156
771,1281
771,1425
771,1441
772,778
772,819
772,1375
773,1389
773,1438
773,1499
774,865
774,1272
774,1451
775,910
775,1215
775,1364
775,1368
776,860
776,873
776,1038
776,1073
776,1167
777,1051
777,1060
777,1180
777,1382
777,1450
777,1464
778,886
778,1251
778,1309
778,1375
779,839
779,933
779,1042
779,1391
780,1031
780,1181
780,1245
781,932
781,962
781,1098
781,1116
781,1312
782,902
782,1283
782,1323
782,1370
782,1438
783,823
783,1155
783,1201
783,1262
783,1328
783,1410
783,1464
783,1482
784,901
784,1149
784,1175
785,1009
785,1319
785,1334
785,1377
786,884
786,1036
786,1241
786,1348
787,808
787,984
787,1055
787,1330
787,1343
788,932
788,1035
788,1078
788,1098
788,1493
789,1263
789,1371
790,979
790,1301
790,1420
790,1485
791,862
791,887
791,938
791,1279
791,1301
791,1420
792,836
792,1205
792,1221
792,1347
793,822
793,1145
793,1188
793,1211
794,1006
794,1224
794,1285
795,940
795,1119
795,1211
796,797
796,1087
796,1233
796,1270
796,1314
796,1404
797,1233
797,1270
798,994
798,1082
798,1114
798,1272
798,1307
799,821
799,827
799,964
799,1041
799,1195
800,904
800,1196
801,1185
801,1250
801,1294
802,826
802,1111
802,1133
802,1328
802,1473
802,1482
803,922
803,964
803,1041
803,1106
803,1210
803,1435
804,853
804,934
804,998
804,1013
804,1245
805,1143
805,1190
805,1201
805,1407
806,842
806,875
806,1246
806,1305
806,1327
806,1495
807,818
807,1350
808,1301
808,1330
809,1069
809,1127
809,1293
809,1335
809,1365
809,1457
810,1281
810,1361
810,1441
811,891
811,1117
811,1132
811,1191
811,1248
811,1252
812,1251
812,1369
812,1394
813,893
813,992
813,1071
813,1346
813,1383
813,1466
814,923
814,1172
814,1332
814,1468
814,1490
815,1047
815,1231
815,1257
815,1302
816,857
816,1011
816,1025
816,1192
817,840
817,1020
817,1045
817,1058
818,1176
818,1249
818,1427
819,1251
819,1412
820,849
820,893
820,1071
820,1205
820,1405
821,827
821,982
821,1437
822,907
822,1145
822,1157
823,1155
823,1464
824,1102
824,1220
824,1318
824,1389
825,959
825,1207
825,1216
825,1316
825,1477
826,854
826,959
826,1010
826,1473
826,1485
827,1124
827,1195
827,1402
827,1444
828,887
828,1015
828,1053
828,1371
829,953
829,966
829,1248
829,1252
829,1270
829,1404
830,999
830,1083
830,1265
831,903
831,963
831,987
831,1217
831,1220
832,997
832,1022
832,1228
832,1287
832,1479
833,1290
833,1295
834,1262
834,1275
834,1464
835,870
835,1036
835,1209
835,1211
835,1348
835,1481
836,1205
836,1221
836,1271
837,1122
837,1266
837,1360
837,1449
838,1048
838,1073
838,1167
838,1187
838,1350
839,958
839,1154
839,1331
840,1020
840,1058
840,1068
841,1061
841,1131
841,1408
841,1447
842,999
842,1083
842,1305
842,1495
843,1108
843,1168
843,1321
843,1488
844,1117
844,1148
844,1191
844,1240
844,1252
844,1270
845,1042
845,1266
846,929
846,967
846,1238
846,1417
846,1480
847,979
847,1349
847,1380
847,1394
848,932
848,976
848,980
848,1182
848,1236
848,1491
849,1074
849,1303
849,1462
849,1483
850,943
850,1014
850,1181
850,1461
851,941
851,1161
851,1242
851,1385
852,989
852,1076
852,1246
852,1289
852,1351
853,1013
853,1181
853,1442
853,1486
854,874
854,1010
854,1111
854,1407
854,1473
855,872
855,877
855,1231
856,1005
856,1023
856,1092
856,1339
856,1364
857,873
857,1011
857,1159
857,1233
858,1091
858,1239
858,1244
858,1478
859,1090
859,1150
859,1251
859,1369
860,1025
860,1038
861,891
861,1094
861,1166
861,1395
862,938
862,1264
862,1306
863,1079
863,1257
864,1099
864,1385
864,1434
864,1445
865,1052
865,1203
865,1451
866,1226
866,1267
866,1285
866,1315
867,997
867,1332
867,1479
868,910
868,921
868,1105
868,1368
869,1034
869,1048
869,1071
869,1383
869,1386
870,1209
870,1211
870,1378
870,1396
871,881
871,931
871,1185
871,1250
871,1393
872,877
872,1104
872,1231
872,1237
872,1280
873,1159
874,1010
874,1201
874,1203
874,1328
874,1477
874,1501
875,1296
875,1495
876,1081
876,1172
876,1266
877,1104
877,1187
877,1231
878,1031
878,1084
878,1206
878,1330
878,1343
879,953
879,1139
879,1186
879,1300
879,1415
880,891
880,1179
880,1280
880,1361
880,1429
881,1021
881,1036
881,1393
882,886
882,977
882,1011
882,1171
882,1309
882,1340
883,1158
883,1276
884,1053
884,1072
884,1241
884,1263
884,1265
884,1443
885,1041
885,1180
885,1210
885,1229
885,1258
886,1251
886,1309
887,1015
887,1198
887,1306
888,1003
888,1182
888,1189
888,1316
888,1459
889,962
889,980
889,1107
889,1358
889,1397
890,1226
890,1243
891,1179
891,1280
892,999
892,1072
892,1083
892,1274
893,1071
893,1074
893,1405
893,1446
894,900
894,956
894,1256
894,1344
895,991
895,1219
895,1335
896,916
896,965
896,1320
897,1084
897,1202
897,1206
897,1452
897,1485
898,931
898,1125
898,1393
899,917
899,1023
899,1219
899,1339
899,1364
900,956
900,1214
900,1256
900,1413
901,1149
901,1175
901,1349
902,936
902,1249
902,1283
902,1370
902,1427
903,987
903,1215
903,1217
903,1220
904,1390
905,1109
906,1182
906,1189
906,1491
907,1157
907,1225
907,1248
907,1326
907,1439
908,1129
908,1253
909,931
909,935
909,1078
909,1138
909,1493
910,1368
911,1043
911,1044
911,1500
912,1327
912,1367
912,1418
913,1160
913,1186
913,1311
913,1316
913,1415
914,1288
914,1310
914,1396
915,1004
915,1141
916,965
916,966
916,1320
917,1023
917,1092
917,1145
917,1342
918,960
918,1016
918,1257
918,1422
918,1423
919,929
919,1238
919,1368
919,1379
920,971
920,979
920,1369
920,1380
920,1394
920,1474
921,950
921,1056
921,1239
922,964
922,1106
922,1210
922,1435
923,1018
923,1074
923,1222
923,1303
923,1324
923,1483
923,1497
924,946
924,1101
924,1378
925,1009
925,1334
925,1344
926,1033
926,1162
926,1208
926,1472
927,965
927,1055
927,1436
928,1040
928,1288
928,1445
929,1056
929,1379
930,1135
930,1280
930,1361
931,935
931,1312
932,980
932,1035
932,1098
932,1116
932,1236
933,1297
934,998
934,1295
934,1384
934,1391
935,1078
935,1098
935,1312
936,1016
936,1105
936,1137
936,1204
936,1427
937,1040
937,1121
937,1242
937,1385
937,1445
938,1309
938,1420
939,1060
939,1333
939,1458
940,1030
940,1113
940,1481
941,1161
941,1282
941,1314
941,1385
942,1356
942,1419
942,1488
943,1088
944,1272
944,1428
944,1457
944,1492
945,1178
945,1467
946,954
946,1029
947,1118
947,1133
947,1140
947,1345
947,1452
947,1454
948,950
948,988
948,1056
948,1239
948,1244
948,1363
948,1496
949,1059
949,1105
949,1149
949,1156
949,1204
950,1056
950,1068
950,1239
950,1244
951,1128
951,1276
952,1039
952,1146
952,1183
952,1229
953,966
953,1087
953,1404
954,1029
955,1004
955,1141
955,1403
955,1470
956,1150
956,1214
956,1256
957,1061
957,1079
957,1137
957,1323
957,1408
957,1421
958,1154
959,1010
959,1084
959,1207
959,1301
959,1485
960,1231
960,1257
960,1422
960,1478
961,1085
961,1099
961,1117
961,1123
961,1284
962,1166
962,1200
962,1281
963,987
963,1022
963,1086
963,1250
963,1448
964,1041
964,1173
964,1210
964,1435
965,966
965,1320
965,1436
966,1248
966,1404
967,1238
967,1480
968,1007
968,1140
968,1493
968,1494
969,1107
969,1304
969,1461
969,1486
970,1200
970,1254
970,1373
971,1095
971,1152
971,1369
971,1394
972,1184
972,1269
972,1337
972,1348
973,1090
973,1095
973,1150
973,1369
974,1023
974,1056
974,1379
974,1490
975,1001
975,1080
975,1336
976,1182
976,1236
976,1491
977,1171
978,1055
978,1475
979,1171
979,1202
979,1366
979,1394
980,1035
980,1216
980,1491
981,1290
981,1498
982,996
982,1002
982,1437
983,1258
983,1275
983,1386
984,1055
984,1330
984,1343
985,1112
985,1114
985,1191
985,1307
986,1205
986,1222
986,1325
986,1336
986,1405
986,1490
987,1000
987,1217
987,1448
988,990
988,1244
988,1363
988,1422
989,1076
989,1235
989,1246
989,1298
989,1357
990,1257
990,1317
990,1422
991,1108
991,1225
991,1240
991,1362
991,1455
992,1071
992,1123
992,1130
992,1346
992,1466
993,1097
993,1227
993,1400
993,1401
994,1100
994,1114
994,1431
995,1041
995,1043
995,1044
995,1063
995,1106
995,1110
996,1313
996,1437
996,1471
997,1228
997,1286
997,1287
997,1333
997,1479
998,1295
998,1322
999,1083
999,1246
999,1291
1000,1448
1001,1080
1001,1110
1001,1449
1002,1124
1002,1411
1003,1198
1003,1316
1003,1459
1003,1475
1004,1077
1004,1443
1005,1023
1005,1028
1005,1092
1005,1273
1005,1324
1006,1177
1006,1224
1007,1140
1007,1163
1007,1494
1008,1088
1008,1102
1008,1152
1008,1349
1009,1319
1009,1334
1010,1477
1011,1309
1011,1340
1012,1169
1012,1193
1012,1450
1013,1176
1013,1384
1013,1442
1013,1486
1014,1181
1014,1304
1014,1461
1015,1053
1015,1371
1016,1079
1016,1137
1016,1423
1016,1427
1017,1065
1017,1069
1018,1021
1018,1074
1018,1483
1018,1497
1019,1027
1019,1030
1019,1119
1019,1188
1019,1321
1019,1440
1020,1045
1020,1058
1020,1480
1021,1184
1021,1185
1021,1273
1021,1393
1022,1032
1022,1228
1022,1286
1022,1287
1023,1324
1023,1339
1024,1184
1024,1209
1024,1255
1024,1374
1024,1393
1025,1192
1025,1341
1026,1126
1026,1178
1026,1234
1026,1293
1026,1357
1026,1392
1027,1108
1027,1188
1027,1321
1027,1440
1027,1455
1028,1092
1028,1185
1028,1324
1029,1445
1030,1119
1030,1321
1031,1206
1031,1330
1031,1343
1032,1146
1032,1228
1032,1286
1032,1287
1033,1162
1033,1208
1033,1340
1034,1048
1034,1071
1034,1386
1035,1098
1035,1216
1035,1501
1036,1184
1036,1209
1036,1226
1036,1348
1036,1374
1037,1384
1038,1161
1038,1341
1039,1221
1039,1464
1040,1242
1040,1288
1040,1445
1041,1106
1041,1110
1041,1435
1042,1297
1042,1391
1043,1044
1043,1067
1044,1067
1044,1500
1045,1058
1045,1297
1045,1480
1046,1176
1046,1343
1046,1487
1047,1104
1047,1231
1047,1278
1048,1386
1048,1414
1049,1148
1049,1272
1049,1307
1049,1451
1050,1478
1051,1096
1051,1380
1051,1382
1051,1474
1052,1151
1052,1268
1053,1077
1053,1196
1053,1263
1053,1371
1053,1443
1054,1152
1054,1194
1054,1247
1054,1334
1054,1377
1054,1394
1056,1068
1056,1239
1057,1062
1057,1202
1057,1353
1057,1366
1058,1338
1058,1363
1059,1093
1059,1156
1059,1409
1059,1425
1060,1197
1060,1304
1061,1408
1061,1421
1061,1447
1062,1195
1062,1353
1062,1444
1063,1106
1063,1110
1063,1449
1064,1067
1064,1331
1064,1402
1064,1444
1065,1069
1065,1134
1065,1335
1065,1365
1066,1089
1066,1289
1066,1347
1066,1351
1068,1363
1069,1134
1069,1392
1070,1144
1070,1223
1070,1345
1070,1387
1070,1454
1071,1383
1072,1243
1072,1265
1073,1414
1074,1446
1074,1483
1074,1497
1075,1375
1076,1089
1076,1289
1076,1298
1076,1351
1076,1357
1077,1131
1077,1241
1077,1263
1077,1371
1077,1403
1077,1443
1078,1098
1078,1163
1078,1312
1078,1493
1079,1137
1079,1423
1080,1325
1080,1336
1080,1449
1081,1172
1081,1398
1081,1468
1082,1170
1082,1272
1082,1457
1083,1138
1083,1274
1083,1495
1084,1206
1084,1301
1084,1330
1084,1485
1085,1130
1086,1185
1086,1215
1086,1269
1087,1270
1087,1404
1088,1152
1088,1283
1088,1308
1088,1349
1089,1262
1089,1298
1089,1347
1089,1351
1090,1150
1091,1261
1092,1269
1092,1273
1092,1476
1093,1128
1093,1409
1094,1179
1094,1424
1094,1466
1095,1162
1095,1369
1095,1472
1096,1299
1096,1382
1097,1214
1097,1227
1097,1401
1098,1116
1098,1493
1099,1284
1099,1434
1100,1114
1100,1237
1100,1261
1100,1317
1101,1303
1101,1342
1101,1378
1101,1469
1102,1253
1102,1318
1102,1430
1103,1192
1103,1256
1103,1302
1104,1231
1104,1237
1104,1278
1105,1204
1106,1110
1106,1453
1107,1425
1108,1188
1108,1321
1108,1455
1108,1488
1109,1434
1110,1449
1111,1328
1111,1410
1112,1114
1112,1143
1113,1338
1113,1481
1115,1151
1116,1395
1117,1191
1117,1270
1117,1284
1118,1124
1118,1402
1119,1310
1120,1121
1120,1125
1120,1255
1120,1259
1120,1354
1121,1354
1121,1385
1121,1396
1122,1266
1122,1360
1123,1388
1123,1466
1124,1402
1125,1489
1126,1178
1126,1234
1126,1293
1126,1327
1126,1357
1126,1392
1127,1335
1127,1365
1128,1135
1129,1165
1129,1376
1130,1346
1130,1466
1131,1142
1131,1403
1131,1447
1131,1475
1132,1225
1132,1252
1133,1140
1133,1452
1133,1473
1133,1494
1134,1165
1134,1277
1134,1365
1134,1381
1135,1230
1135,1409
1136,1336
1136,1381
1136,1496
1137,1323
1138,1243
1138,1265
1139,1259
1139,1300
1139,1489
1140,1345
1140,1494
1141,1403
1141,1470
1142,1157
1142,1320
1142,1329
1143,1292
1143,1431
1144,1154
1144,1223
1144,1245
1145,1211
1145,1337
1145,1469
1146,1183
1146,1286
1147,1390
1148,1307
1148,1428
1149,1175
1151,1213
1151,1268
1152,1247
1152,1308
1152,1349
1152,1377
1153,1430
1154,1331
1154,1402
1155,1163
1155,1328
1155,1482
1156,1204
1156,1409
1156,1425
1157,1232
1157,1320
1158,1215
1158,1269
1158,1476
1160,1207
1160,1316
1160,1415
1161,1385
1162,1208
1162,1340
1162,1472
1163,1328
1163,1494
1164,1359
1164,1473
1165,1376
1165,1432
1166,1179
1166,1230
1166,1281
1166,1395
1167,1187
1168,1488
1169,1218
1170,1457
1171,1340
1172,1266
1172,1468
1173,1426
1173,1435
1174,1367
1174,1460
1176,1487
1177,1224
1177,1290
1178,1221
1178,1234
1178,1357
1178,1392
1178,1467
1180,1229
1180,1258
1180,1299
1181,1245
1181,1461
1182,1189
1182,1276
1183,1286
1183,1287
1183,1333
1184,1374
1184,1393
1185,1250
1185,1294
1186,1311
1186,1415
1188,1321
1188,1440
1190,1407
1192,1356
1193,1304
1193,1397
1193,1450
1194,1319
1194,1372
1194,1377
1194,1389
1195,1402
1195,1444
1196,1274
1196,1443
1197,1333
1198,1316
1198,1459
1200,1254
1201,1203
1202,1366
1203,1431
1203,1451
1205,1405
1206,1330
1207,1216
1207,1311
1207,1316
1208,1340
1209,1348
1209,1374
1210,1258
1210,1299
1211,1378
1212,1400
1213,1218
1213,1463
1214,1256
1214,1302
1215,1269
1216,1491
1216,1501
1217,1448
1218,1463
1220,1253
1220,1318
1220,1372
1221,1467
1222,1405
1222,1483
1223,1387
1225,1240
1225,1439
1226,1285
1227,1401
1228,1286
1229,1258
1230,1395
1231,1278
1232,1248
1234,1293
1234,1392
1235,1298
1236,1415
1237,1278
1237,1292
1238,1368
1238,1379
1239,1244
1239,1364
1240,1252
1240,1362
1241,1263
1241,1265
1242,1385
1244,1422
1244,1496
1245,1458
1247,1394
1248,1252
1248,1326
1248,1439
1249,1427
1249,1487
1250,1294
1252,1439
1253,1318
1253,1372
1254,1294
1254,1468
1255,1354
1255,1388
1255,1462
1256,1413
1257,1302
1257,1422
1259,1282
1259,1300
1260,1348
1260,1447
1260,1481
1261,1317
1262,1298
1262,1464
1262,1482
1263,1371
1264,1272
1264,1306
1264,1428
1266,1325
1266,1360
1267,1315
1269,1337
1269,1476
1270,1404
1272,1307
1273,1337
1273,1342
1273,1476
1274,1495
1275,1347
1275,1383
1277,1432
1277,1457
1278,1472
1279,1412
1279,1470
1280,1361
1280,1429
1282,1300
1282,1314
1283,1370
1283,1438
1284,1424
1285,1374
1286,1287
1288,1310
1289,1351
1290,1315
1290,1498
1291,1494
1293,1327
1293,1357
1293,1392
1295,1384
1295,1391
1297,1391
1299,1382
1300,1489
1301,1420
1301,1485
1303,1342
1303,1483
1304,1397
1304,1461
1306,1460
1307,1362
1308,1349
1308,1380
1308,1394
1310,1399
1312,1358
1313,1437
1317,1381
1318,1372
1319,1334
1319,1377
1319,1411
1320,1326
1321,1440
1322,1387
1323,1408
1323,1421
1323,1438
1324,1483
1324,1490
1325,1336
1327,1392
1328,1482
1331,1402
1331,1444
1332,1398
1332,1468
1333,1479
1334,1377
1335,1365
1336,1456
1337,1348
1337,1476
1339,1364
1341,1419
1342,1469
1343,1484
1345,1454
1346,1383
1346,1429
1346,1466
1347,1383
1349,1380
1350,1384
1350,1442
1351,1482
1352,1359
1353,1452
1354,1462
1355,1400
1355,1426
1355,1471
1356,1419
1356,1436
1356,1488
1357,1392
1358,1397
1362,1428
1363,1456
1366,1474
1367,1460
1367,1492
1368,1379
1369,1394
1370,1438
1371,1459
1372,1389
1373,1479
1374,1393
1376,1381
1376,1416
1377,1389
1378,1396
1380,1474
1382,1474
1383,1386
1384,1442
1386,1414
1388,1462
1388,1466
1398,1468
1399,1406
1399,1465
1399,1471
1400,1449
1400,1471
1402,1444
1403,1470
1403,1475
1405,1483
1406,1413
1406,1471
1407,1473
1408,1421
1408,1447
1409,1425
1410,1501
1411,1417
1411,1499
1412,1470
1417,1480
1417,1499
1418,1440
1419,1436
1421,1438
1422,1478
1423,1427
1426,1435
1426,1453
1427,1487
1432,1463
1435,1453
1437,1465
1440,1455
1441,1486
1444,1458
1446,1468
1446,1497
1457,1492
1460,1492
