atom_name	res_name	atom_id	x	y	z
H28	HK4	8317	10.309	10.534	6.605
C48	HK4	8318	10.213	10.487	6.586
C47	HK4	8319	10.205	10.351	6.559
H27	HK4	8320	10.299	10.297	6.545
C46	HK4	8321	10.085	10.285	6.534
H26	HK4	8322	10.079	10.176	6.528
C40	HK4	8323	9.968	10.364	6.53
C50	HK4	8324	9.972	10.503	6.553
H30	HK4	8325	9.881	10.564	6.543
C49	HK4	8326	10.095	10.561	6.578
H29	HK4	8327	10.105	10.668	6.601
N2	HK4	8328	9.853	10.312	6.469
C30	HK4	8329	9.856	10.221	6.361
C29	HK4	8330	9.962	10.19	6.278
H15	HK4	8331	10.045	10.259	6.259
C28	HK4	8332	9.959	10.08	6.194
C27	HK4	8333	9.846	9.996	6.205
H14	HK4	8334	9.844	9.893	6.167
C32	HK4	8335	9.739	10.022	6.29
H16	HK4	8336	9.654	9.955	6.302
C31	HK4	8337	9.737	10.138	6.367
C34	HK4	8338	9.65	10.196	6.468
C33	HK4	8339	9.726	10.303	6.53
C35	HK4	8340	9.66	10.378	6.627
H17	HK4	8341	9.711	10.466	6.668
C36	HK4	8342	9.528	10.356	6.665
H18	HK4	8343	9.475	10.413	6.742
C37	HK4	8344	9.461	10.246	6.613
H19	HK4	8345	9.366	10.221	6.659
C38	HK4	8346	9.523	10.168	6.515
H20	HK4	8347	9.474	10.078	6.478
C14	HK4	8348	10.072	10.07	6.099
C9	HK4	8349	10.078	9.997	5.98
C8	HK4	8350	10.203	9.981	5.917
C11	HK4	8351	10.32	10.037	5.968
H4	HK4	8352	10.39	10.073	5.891
C12	HK4	8353	10.32	10.093	6.096
H5	HK4	8354	10.414	10.143	6.125
C13	HK4	8355	10.196	10.105	6.157
H6	HK4	8356	10.204	10.116	6.266
C7	HK4	8357	10.224	9.872	5.82
O2	HK4	8358	10.298	9.892	5.724
C4	HK4	8359	10.126	9.761	5.821
C3	HK4	8360	10.164	9.645	5.753
H3	HK4	8361	10.271	9.622	5.747
C2	HK4	8362	10.073	9.549	5.712
H2	HK4	8363	10.105	9.46	5.656
C1	HK4	8364	9.942	9.57	5.752
H1	HK4	8365	9.873	9.486	5.736
C6	HK4	8366	9.899	9.694	5.806
C5	HK4	8367	9.991	9.793	5.844
C10	HK4	8368	9.967	9.915	5.926
O1	HK4	8369	9.858	9.971	5.917
C16	HK4	8370	9.762	9.731	5.767
C15	HK4	8371	9.72	9.675	5.645
H7	HK4	8372	9.768	9.699	5.549
C20	HK4	8373	9.601	9.604	5.641
H9	HK4	8374	9.572	9.557	5.547
C19	HK4	8375	9.521	9.584	5.754
C18	HK4	8376	9.555	9.658	5.874
C17	HK4	8377	9.674	9.729	5.874
H8	HK4	8378	9.694	9.8	5.955
N1	HK4	8379	9.452	9.628	5.966
C21	HK4	8380	9.368	9.526	5.917
C22	HK4	8381	9.405	9.501	5.779
C26	HK4	8382	9.355	9.386	5.719
H13	HK4	8383	9.416	9.352	5.635
C25	HK4	8384	9.256	9.312	5.783
H12	HK4	8385	9.194	9.248	5.72
C24	HK4	8386	9.22	9.339	5.914
H11	HK4	8387	9.144	9.276	5.964
C23	HK4	8388	9.28	9.442	5.985
H10	HK4	8389	9.252	9.461	6.089
C39	HK4	8390	9.429	9.69	6.09
C41	HK4	8391	9.297	9.72	6.127
H21	HK4	8392	9.207	9.692	6.069
C42	HK4	8393	9.269	9.771	6.253
H22	HK4	8394	9.163	9.788	6.276
C43	HK4	8395	9.369	9.796	6.347
H23	HK4	8396	9.348	9.848	6.44
C44	HK4	8397	9.497	9.753	6.315
H24	HK4	8398	9.58	9.776	6.383
C45	HK4	8399	9.528	9.7	6.19
H25	HK4	8400	9.625	9.652	6.172
